ID,Best Cluster
A_PuertoRico_8_1934_HA_103_1447,30
A_PuertoRico_8_1934_HA_104_128,33
A_PuertoRico_8_1934_HA_106_1487,3
A_PuertoRico_8_1934_HA_1240_1503,25
A_PuertoRico_8_1934_HA_126_1470,24
A_PuertoRico_8_1934_HA_126_1498,27
A_PuertoRico_8_1934_HA_126_1532,34
A_PuertoRico_8_1934_HA_126_1547,31
A_PuertoRico_8_1934_HA_1531_1560,33
A_PuertoRico_8_1934_HA_175_1429,3
A_PuertoRico_8_1934_HA_206_1428,25
A_PuertoRico_8_1934_HA_206_1440,33
A_PuertoRico_8_1934_HA_206_1447,-1
A_PuertoRico_8_1934_HA_206_1484,33
A_PuertoRico_8_1934_HA_210_1440,3
A_PuertoRico_8_1934_HA_215_1484,33
A_PuertoRico_8_1934_HA_216_1448,-1
A_PuertoRico_8_1934_HA_274_1576,3
A_PuertoRico_8_1934_HA_283_1375,27
A_PuertoRico_8_1934_HA_390_500,3
A_PuertoRico_8_1934_HA_48_1485,3
A_PuertoRico_8_1934_HA_92_1447,25
A_PuertoRico_8_1934_HA_92_1484,3
A_PuertoRico_8_1934_HA_94_1534,10
A_PuertoRico_8_1934_HA_96_1484,3
A_PuertoRico_8_1934_HA_97_1533,3
A_PuertoRico_8_1934_HA_97_1548,-1
A_PuertoRico_8_1934_M_121_853,3
A_PuertoRico_8_1934_M_126_741,30
A_PuertoRico_8_1934_M_365_924,30
A_PuertoRico_8_1934_M_52_741,24
A_PuertoRico_8_1934_NA_187_1108,18
A_PuertoRico_8_1934_NA_198_292,3
A_PuertoRico_8_1934_NA_209_838,3
A_PuertoRico_8_1934_NA_210_1018,3
A_PuertoRico_8_1934_NA_707_1170,3
A_PuertoRico_8_1934_NP_109_479,3
A_PuertoRico_8_1934_NP_1192_1295,3
A_PuertoRico_8_1934_NP_1220_1409,3
A_PuertoRico_8_1934_NP_164_1381,3
A_PuertoRico_8_1934_NP_165_1278,3
A_PuertoRico_8_1934_NP_166_1345,3
A_PuertoRico_8_1934_NP_223_1277,19
A_PuertoRico_8_1934_NP_228_1277,25
A_PuertoRico_8_1934_NP_234_1277,-1
A_PuertoRico_8_1934_NP_253_544,3
A_PuertoRico_8_1934_NP_274_1200,25
A_PuertoRico_8_1934_NP_296_531,3
A_PuertoRico_8_1934_NP_425_617,3
A_PuertoRico_8_1934_NP_764_1392,3
A_PuertoRico_8_1934_NP_90_1165,3
A_PuertoRico_8_1934_NS_57_530,24
A_PuertoRico_8_1934_PA_120_143,1
A_PuertoRico_8_1934_PA_120_157,11
A_PuertoRico_8_1934_PA_120_1886,-1
A_PuertoRico_8_1934_PA_120_1922,27
A_PuertoRico_8_1934_PA_120_1974,21
A_PuertoRico_8_1934_PA_120_1990,20
A_PuertoRico_8_1934_PA_120_2027,26
A_PuertoRico_8_1934_PA_121_2074,29
A_PuertoRico_8_1934_PA_122_1990,11
A_PuertoRico_8_1934_PA_123_148,23
A_PuertoRico_8_1934_PA_123_181,32
A_PuertoRico_8_1934_PA_123_2074,8
A_PuertoRico_8_1934_PA_124_147,9
A_PuertoRico_8_1934_PA_124_168,32
A_PuertoRico_8_1934_PA_124_1984,-1
A_PuertoRico_8_1934_PA_124_1990,13
A_PuertoRico_8_1934_PA_124_2027,-1
A_PuertoRico_8_1934_PA_129_1959,30
A_PuertoRico_8_1934_PA_130_1972,15
A_PuertoRico_8_1934_PA_130_2075,2
A_PuertoRico_8_1934_PA_132_1978,19
A_PuertoRico_8_1934_PA_134_2004,34
A_PuertoRico_8_1934_PA_135_1974,-1
A_PuertoRico_8_1934_PA_135_1990,2
A_PuertoRico_8_1934_PA_135_2027,7
A_PuertoRico_8_1934_PA_135_2063,-1
A_PuertoRico_8_1934_PA_136_1987,4
A_PuertoRico_8_1934_PA_137_165,8
A_PuertoRico_8_1934_PA_137_1956,5
A_PuertoRico_8_1934_PA_137_1975,0
A_PuertoRico_8_1934_PA_137_2068,1
A_PuertoRico_8_1934_PA_137_2074,20
A_PuertoRico_8_1934_PA_138_172,-1
A_PuertoRico_8_1934_PA_138_180,21
A_PuertoRico_8_1934_PA_138_1937,9
A_PuertoRico_8_1934_PA_138_1948,11
A_PuertoRico_8_1934_PA_138_1951,12
A_PuertoRico_8_1934_PA_138_1967,16
A_PuertoRico_8_1934_PA_138_1984,-1
A_PuertoRico_8_1934_PA_138_1987,30
A_PuertoRico_8_1934_PA_138_1990,14
A_PuertoRico_8_1934_PA_138_2011,26
A_PuertoRico_8_1934_PA_138_2014,22
A_PuertoRico_8_1934_PA_138_2017,4
A_PuertoRico_8_1934_PA_138_2042,33
A_PuertoRico_8_1934_PA_138_2063,0
A_PuertoRico_8_1934_PA_138_208,24
A_PuertoRico_8_1934_PA_139_169,9
A_PuertoRico_8_1934_PA_139_1946,9
A_PuertoRico_8_1934_PA_139_1961,12
A_PuertoRico_8_1934_PA_139_1979,9
A_PuertoRico_8_1934_PA_139_1989,0
A_PuertoRico_8_1934_PA_139_1997,23
A_PuertoRico_8_1934_PA_139_2028,14
A_PuertoRico_8_1934_PA_139_2084,31
A_PuertoRico_8_1934_PA_140_1846,2
A_PuertoRico_8_1934_PA_140_1881,31
A_PuertoRico_8_1934_PA_140_2087,31
A_PuertoRico_8_1934_PA_142_1951,-1
A_PuertoRico_8_1934_PA_142_1978,14
A_PuertoRico_8_1934_PA_142_1990,17
A_PuertoRico_8_1934_PA_146_168,0
A_PuertoRico_8_1934_PA_146_172,4
A_PuertoRico_8_1934_PA_146_1974,9
A_PuertoRico_8_1934_PA_146_1978,19
A_PuertoRico_8_1934_PA_146_1986,19
A_PuertoRico_8_1934_PA_146_1990,11
A_PuertoRico_8_1934_PA_146_2011,14
A_PuertoRico_8_1934_PA_146_2027,17
A_PuertoRico_8_1934_PA_149_183,6
A_PuertoRico_8_1934_PA_152_1911,18
A_PuertoRico_8_1934_PA_156_1868,2
A_PuertoRico_8_1934_PA_156_1990,11
A_PuertoRico_8_1934_PA_156_1992,33
A_PuertoRico_8_1934_PA_157_1961,19
A_PuertoRico_8_1934_PA_157_1973,25
A_PuertoRico_8_1934_PA_157_1979,9
A_PuertoRico_8_1934_PA_157_2028,16
A_PuertoRico_8_1934_PA_158_1881,4
A_PuertoRico_8_1934_PA_158_1925,22
A_PuertoRico_8_1934_PA_159_1936,30
A_PuertoRico_8_1934_PA_159_1977,11
A_PuertoRico_8_1934_PA_162_2024,4
A_PuertoRico_8_1934_PA_163_1951,14
A_PuertoRico_8_1934_PA_163_1984,19
A_PuertoRico_8_1934_PA_163_2011,4
A_PuertoRico_8_1934_PA_164_1927,29
A_PuertoRico_8_1934_PA_164_1973,30
A_PuertoRico_8_1934_PA_164_1989,19
A_PuertoRico_8_1934_PA_164_2026,32
A_PuertoRico_8_1934_PA_165_1925,-1
A_PuertoRico_8_1934_PA_165_1976,8
A_PuertoRico_8_1934_PA_167_1951,1
A_PuertoRico_8_1934_PA_167_1967,-1
A_PuertoRico_8_1934_PA_167_1986,21
A_PuertoRico_8_1934_PA_167_1990,14
A_PuertoRico_8_1934_PA_167_2011,15
A_PuertoRico_8_1934_PA_167_2042,2
A_PuertoRico_8_1934_PA_167_208,28
A_PuertoRico_8_1934_PA_168_1845,5
A_PuertoRico_8_1934_PA_168_1975,15
A_PuertoRico_8_1934_PA_168_2086,3
A_PuertoRico_8_1934_PA_169_1998,-1
A_PuertoRico_8_1934_PA_170_1924,-1
A_PuertoRico_8_1934_PA_171_1945,21
A_PuertoRico_8_1934_PA_171_1964,17
A_PuertoRico_8_1934_PA_171_1974,2
A_PuertoRico_8_1934_PA_172_1949,9
A_PuertoRico_8_1934_PA_172_1968,19
A_PuertoRico_8_1934_PA_173_1992,14
A_PuertoRico_8_1934_PA_178_1924,-1
A_PuertoRico_8_1934_PA_179_1879,30
A_PuertoRico_8_1934_PA_179_1951,0
A_PuertoRico_8_1934_PA_179_1960,12
A_PuertoRico_8_1934_PA_179_1974,10
A_PuertoRico_8_1934_PA_179_1978,2
A_PuertoRico_8_1934_PA_179_1986,19
A_PuertoRico_8_1934_PA_179_1990,21
A_PuertoRico_8_1934_PA_179_2002,19
A_PuertoRico_8_1934_PA_180_1985,21
A_PuertoRico_8_1934_PA_182_1943,18
A_PuertoRico_8_1934_PA_184_1990,8
A_PuertoRico_8_1934_PA_185_1923,16
A_PuertoRico_8_1934_PA_188_1851,17
A_PuertoRico_8_1934_PA_188_1952,15
A_PuertoRico_8_1934_PA_188_1987,-1
A_PuertoRico_8_1934_PA_190_1925,27
A_PuertoRico_8_1934_PA_194_2042,33
A_PuertoRico_8_1934_PA_1959_1990,23
A_PuertoRico_8_1934_PA_195_1869,16
A_PuertoRico_8_1934_PA_195_1952,2
A_PuertoRico_8_1934_PA_2026_2048,4
A_PuertoRico_8_1934_PA_2026_2063,14
A_PuertoRico_8_1934_PA_2041_2063,13
A_PuertoRico_8_1934_PA_204_1945,16
A_PuertoRico_8_1934_PA_204_1990,16
A_PuertoRico_8_1934_PA_205_1952,0
A_PuertoRico_8_1934_PA_206_1924,29
A_PuertoRico_8_1934_PA_206_232,5
A_PuertoRico_8_1934_PA_207_1844,7
A_PuertoRico_8_1934_PA_207_1873,5
A_PuertoRico_8_1934_PA_207_1879,31
A_PuertoRico_8_1934_PA_207_1916,16
A_PuertoRico_8_1934_PA_207_1937,9
A_PuertoRico_8_1934_PA_207_1945,9
A_PuertoRico_8_1934_PA_207_1948,9
A_PuertoRico_8_1934_PA_207_1960,9
A_PuertoRico_8_1934_PA_207_1990,21
A_PuertoRico_8_1934_PA_207_2063,19
A_PuertoRico_8_1934_PA_207_248,29
A_PuertoRico_8_1934_PA_208_1916,22
A_PuertoRico_8_1934_PA_208_1952,24
A_PuertoRico_8_1934_PA_208_2012,10
A_PuertoRico_8_1934_PA_211_263,19
A_PuertoRico_8_1934_PA_212_1924,0
A_PuertoRico_8_1934_PA_213_1945,28
A_PuertoRico_8_1934_PA_213_1951,25
A_PuertoRico_8_1934_PA_213_1960,18
A_PuertoRico_8_1934_PA_213_259,4
A_PuertoRico_8_1934_PA_215_250,26
A_PuertoRico_8_1934_PA_216_1993,26
A_PuertoRico_8_1934_PA_221_1882,17
A_PuertoRico_8_1934_PA_221_1890,-1
A_PuertoRico_8_1934_PA_221_1926,0
A_PuertoRico_8_1934_PA_221_2076,18
A_PuertoRico_8_1934_PA_228_1960,9
A_PuertoRico_8_1934_PA_232_1925,6
A_PuertoRico_8_1934_PA_234_1836,27
A_PuertoRico_8_1934_PA_234_1879,17
A_PuertoRico_8_1934_PA_234_1937,16
A_PuertoRico_8_1934_PA_234_1948,10
A_PuertoRico_8_1934_PA_234_1951,20
A_PuertoRico_8_1934_PA_234_1990,12
A_PuertoRico_8_1934_PA_234_2002,25
A_PuertoRico_8_1934_PA_234_259,-1
A_PuertoRico_8_1934_PA_234_302,28
A_PuertoRico_8_1934_PA_239_1944,30
A_PuertoRico_8_1934_PA_240_1925,4
A_PuertoRico_8_1934_PA_241_1863,17
A_PuertoRico_8_1934_PA_241_2070,10
A_PuertoRico_8_1934_PA_244_1818,16
A_PuertoRico_8_1934_PA_245_1873,26
A_PuertoRico_8_1934_PA_245_1948,19
A_PuertoRico_8_1934_PA_245_1960,2
A_PuertoRico_8_1934_PA_245_1974,6
A_PuertoRico_8_1934_PA_245_1990,2
A_PuertoRico_8_1934_PA_245_2092,19
A_PuertoRico_8_1934_PA_247_1945,4
A_PuertoRico_8_1934_PA_247_2011,18
A_PuertoRico_8_1934_PA_248_1938,19
A_PuertoRico_8_1934_PA_248_1968,33
A_PuertoRico_8_1934_PA_249_1875,17
A_PuertoRico_8_1934_PA_258_1844,15
A_PuertoRico_8_1934_PA_258_1879,11
A_PuertoRico_8_1934_PA_258_1922,30
A_PuertoRico_8_1934_PA_258_1948,24
A_PuertoRico_8_1934_PA_258_1967,7
A_PuertoRico_8_1934_PA_258_1974,2
A_PuertoRico_8_1934_PA_258_1990,31
A_PuertoRico_8_1934_PA_258_2063,19
A_PuertoRico_8_1934_PA_258_317,-1
A_PuertoRico_8_1934_PA_259_1833,32
A_PuertoRico_8_1934_PA_259_1929,22
A_PuertoRico_8_1934_PA_259_2012,33
A_PuertoRico_8_1934_PA_268_1844,10
A_PuertoRico_8_1934_PA_268_1869,30
A_PuertoRico_8_1934_PA_269_1509,22
A_PuertoRico_8_1934_PA_269_1930,30
A_PuertoRico_8_1934_PA_283_2044,3
A_PuertoRico_8_1934_PA_285_1884,34
A_PuertoRico_8_1934_PA_292_320,30
A_PuertoRico_8_1934_PA_293_1813,8
A_PuertoRico_8_1934_PA_293_1819,28
A_PuertoRico_8_1934_PA_293_1845,7
A_PuertoRico_8_1934_PA_294_1797,4
A_PuertoRico_8_1934_PA_294_1808,10
A_PuertoRico_8_1934_PA_294_1844,21
A_PuertoRico_8_1934_PA_294_1866,28
A_PuertoRico_8_1934_PA_294_1868,-1
A_PuertoRico_8_1934_PA_294_1886,0
A_PuertoRico_8_1934_PA_294_2063,32
A_PuertoRico_8_1934_PA_294_317,2
A_PuertoRico_8_1934_PA_295_1864,18
A_PuertoRico_8_1934_PA_295_372,-1
A_PuertoRico_8_1934_PA_297_1844,2
A_PuertoRico_8_1934_PA_297_1974,32
A_PuertoRico_8_1934_PA_299_1799,-1
A_PuertoRico_8_1934_PA_299_1834,29
A_PuertoRico_8_1934_PA_299_1852,1
A_PuertoRico_8_1934_PA_301_1745,1
A_PuertoRico_8_1934_PA_301_1797,1
A_PuertoRico_8_1934_PA_301_1832,29
A_PuertoRico_8_1934_PA_301_1879,6
A_PuertoRico_8_1934_PA_301_2027,26
A_PuertoRico_8_1934_PA_304_1915,30
A_PuertoRico_8_1934_PA_305_1880,15
A_PuertoRico_8_1934_PA_316_1808,2
A_PuertoRico_8_1934_PA_316_1844,29
A_PuertoRico_8_1934_PA_342_1745,7
A_PuertoRico_8_1934_PA_342_1844,17
A_PuertoRico_8_1934_PA_342_1873,5
A_PuertoRico_8_1934_PA_347_1875,30
A_PuertoRico_8_1934_PA_351_1814,8
A_PuertoRico_8_1934_PA_352_1830,22
A_PuertoRico_8_1934_PA_353_1738,25
A_PuertoRico_8_1934_PA_356_1847,10
A_PuertoRico_8_1934_PA_370_1745,8
A_PuertoRico_8_1934_PA_382_1745,1
A_PuertoRico_8_1934_PA_390_1808,31
A_PuertoRico_8_1934_PA_410_1749,23
A_PuertoRico_8_1934_PA_411_1745,26
A_PuertoRico_8_1934_PA_413_1716,28
A_PuertoRico_8_1934_PA_413_1745,17
A_PuertoRico_8_1934_PA_437_1749,17
A_PuertoRico_8_1934_PA_453_1745,-1
A_PuertoRico_8_1934_PA_453_1808,33
A_PuertoRico_8_1934_PA_463_1631,25
A_PuertoRico_8_1934_PA_464_1809,4
A_PuertoRico_8_1934_PA_506_1745,7
A_PuertoRico_8_1934_PA_559_1632,22
A_PuertoRico_8_1934_PA_561_1678,22
A_PuertoRico_8_1934_PA_84_123,4
A_PuertoRico_8_1934_PA_84_139,-1
A_PuertoRico_8_1934_PA_84_1990,1
A_PuertoRico_8_1934_PA_84_2042,17
A_PuertoRico_8_1934_PA_84_2063,19
A_PuertoRico_8_1934_PA_85_126,19
A_PuertoRico_8_1934_PA_85_2012,10
A_PuertoRico_8_1934_PA_86_2026,30
A_PuertoRico_8_1934_PA_87_2060,25
A_PuertoRico_8_1934_PA_905_2100,3
A_PuertoRico_8_1934_PA_90_112,7
A_PuertoRico_8_1934_PA_95_195,1
A_PuertoRico_8_1934_PB1_112_2113,15
A_PuertoRico_8_1934_PB1_113_2110,1
A_PuertoRico_8_1934_PB1_113_2129,20
A_PuertoRico_8_1934_PB1_113_2141,-1
A_PuertoRico_8_1934_PB1_113_2149,3
A_PuertoRico_8_1934_PB1_113_2158,-1
A_PuertoRico_8_1934_PB1_113_2165,-1
A_PuertoRico_8_1934_PB1_113_2177,-1
A_PuertoRico_8_1934_PB1_114_150,-1
A_PuertoRico_8_1934_PB1_114_2204,3
A_PuertoRico_8_1934_PB1_115_138,-1
A_PuertoRico_8_1934_PB1_115_140,15
A_PuertoRico_8_1934_PB1_115_2056,-1
A_PuertoRico_8_1934_PB1_115_2165,31
A_PuertoRico_8_1934_PB1_116_2142,3
A_PuertoRico_8_1934_PB1_120_1927,-1
A_PuertoRico_8_1934_PB1_120_2159,31
A_PuertoRico_8_1934_PB1_122_2168,8
A_PuertoRico_8_1934_PB1_1234_2211,3
A_PuertoRico_8_1934_PB1_125_150,2
A_PuertoRico_8_1934_PB1_126_2110,20
A_PuertoRico_8_1934_PB1_126_2158,-1
A_PuertoRico_8_1934_PB1_126_2165,19
A_PuertoRico_8_1934_PB1_126_2177,3
A_PuertoRico_8_1934_PB1_127_2130,13
A_PuertoRico_8_1934_PB1_132_2085,29
A_PuertoRico_8_1934_PB1_132_2158,32
A_PuertoRico_8_1934_PB1_133_2130,13
A_PuertoRico_8_1934_PB1_133_2142,18
A_PuertoRico_8_1934_PB1_136_2080,-1
A_PuertoRico_8_1934_PB1_136_2113,-1
A_PuertoRico_8_1934_PB1_137_2085,-1
A_PuertoRico_8_1934_PB1_137_2094,-1
A_PuertoRico_8_1934_PB1_137_2110,14
A_PuertoRico_8_1934_PB1_137_2129,14
A_PuertoRico_8_1934_PB1_137_2141,21
A_PuertoRico_8_1934_PB1_137_2158,20
A_PuertoRico_8_1934_PB1_137_2165,14
A_PuertoRico_8_1934_PB1_137_2177,20
A_PuertoRico_8_1934_PB1_138_2092,12
A_PuertoRico_8_1934_PB1_138_2147,30
A_PuertoRico_8_1934_PB1_139_1988,32
A_PuertoRico_8_1934_PB1_139_2056,14
A_PuertoRico_8_1934_PB1_139_2129,11
A_PuertoRico_8_1934_PB1_139_2141,20
A_PuertoRico_8_1934_PB1_144_2081,34
A_PuertoRico_8_1934_PB1_144_2114,8
A_PuertoRico_8_1934_PB1_145_2168,10
A_PuertoRico_8_1934_PB1_148_2094,23
A_PuertoRico_8_1934_PB1_148_2110,14
A_PuertoRico_8_1934_PB1_148_2129,14
A_PuertoRico_8_1934_PB1_148_2141,19
A_PuertoRico_8_1934_PB1_148_2158,-1
A_PuertoRico_8_1934_PB1_149_2055,11
A_PuertoRico_8_1934_PB1_149_2092,12
A_PuertoRico_8_1934_PB1_149_2140,9
A_PuertoRico_8_1934_PB1_149_2204,30
A_PuertoRico_8_1934_PB1_155_2086,-1
A_PuertoRico_8_1934_PB1_157_2110,17
A_PuertoRico_8_1934_PB1_158_2109,33
A_PuertoRico_8_1934_PB1_158_2130,13
A_PuertoRico_8_1934_PB1_162_2094,19
A_PuertoRico_8_1934_PB1_162_2110,14
A_PuertoRico_8_1934_PB1_162_2129,14
A_PuertoRico_8_1934_PB1_162_2165,14
A_PuertoRico_8_1934_PB1_163_2072,13
A_PuertoRico_8_1934_PB1_164_2056,13
A_PuertoRico_8_1934_PB1_164_2085,6
A_PuertoRico_8_1934_PB1_164_2129,14
A_PuertoRico_8_1934_PB1_165_2166,9
A_PuertoRico_8_1934_PB1_167_200,16
A_PuertoRico_8_1934_PB1_167_2110,14
A_PuertoRico_8_1934_PB1_169_2080,30
A_PuertoRico_8_1934_PB1_170_2110,9
A_PuertoRico_8_1934_PB1_171_2092,3
A_PuertoRico_8_1934_PB1_179_2110,33
A_PuertoRico_8_1934_PB1_181_2089,23
A_PuertoRico_8_1934_PB1_1876_1899,22
A_PuertoRico_8_1934_PB1_187_2090,-1
A_PuertoRico_8_1934_PB1_187_2109,31
A_PuertoRico_8_1934_PB1_188_2081,-1
A_PuertoRico_8_1934_PB1_188_2114,0
A_PuertoRico_8_1934_PB1_1896_1928,11
A_PuertoRico_8_1934_PB1_190_2115,1
A_PuertoRico_8_1934_PB1_191_2113,2
A_PuertoRico_8_1934_PB1_192_1988,12
A_PuertoRico_8_1934_PB1_192_2037,0
A_PuertoRico_8_1934_PB1_192_2079,22
A_PuertoRico_8_1934_PB1_192_2091,21
A_PuertoRico_8_1934_PB1_192_2129,26
A_PuertoRico_8_1934_PB1_193_2057,9
A_PuertoRico_8_1934_PB1_193_2062,9
A_PuertoRico_8_1934_PB1_193_2086,19
A_PuertoRico_8_1934_PB1_193_2110,19
A_PuertoRico_8_1934_PB1_194_2005,34
A_PuertoRico_8_1934_PB1_194_2113,19
A_PuertoRico_8_1934_PB1_1953_2008,-1
A_PuertoRico_8_1934_PB1_195_1988,6
A_PuertoRico_8_1934_PB1_195_1995,12
A_PuertoRico_8_1934_PB1_195_2037,-1
A_PuertoRico_8_1934_PB1_195_2045,7
A_PuertoRico_8_1934_PB1_195_2054,13
A_PuertoRico_8_1934_PB1_195_2071,20
A_PuertoRico_8_1934_PB1_195_2091,11
A_PuertoRico_8_1934_PB1_195_2110,14
A_PuertoRico_8_1934_PB1_195_2129,15
A_PuertoRico_8_1934_PB1_195_2165,20
A_PuertoRico_8_1934_PB1_195_2177,19
A_PuertoRico_8_1934_PB1_196_1950,34
A_PuertoRico_8_1934_PB1_196_2057,-1
A_PuertoRico_8_1934_PB1_197_2037,30
A_PuertoRico_8_1934_PB1_197_2063,9
A_PuertoRico_8_1934_PB1_197_2087,0
A_PuertoRico_8_1934_PB1_198_2080,15
A_PuertoRico_8_1934_PB1_198_2102,28
A_PuertoRico_8_1934_PB1_1994_2016,34
A_PuertoRico_8_1934_PB1_199_1897,25
A_PuertoRico_8_1934_PB1_199_1971,-1
A_PuertoRico_8_1934_PB1_199_1982,27
A_PuertoRico_8_1934_PB1_199_1988,11
A_PuertoRico_8_1934_PB1_199_2056,13
A_PuertoRico_8_1934_PB1_199_2085,11
A_PuertoRico_8_1934_PB1_199_2094,15
A_PuertoRico_8_1934_PB1_199_2110,14
A_PuertoRico_8_1934_PB1_199_2129,11
A_PuertoRico_8_1934_PB1_200_2055,10
A_PuertoRico_8_1934_PB1_200_2072,11
A_PuertoRico_8_1934_PB1_201_2093,14
A_PuertoRico_8_1934_PB1_203_2110,1
A_PuertoRico_8_1934_PB1_2053_2110,9
A_PuertoRico_8_1934_PB1_2054_2092,9
A_PuertoRico_8_1934_PB1_205_2110,19
A_PuertoRico_8_1934_PB1_2070_2110,1
A_PuertoRico_8_1934_PB1_207_2109,19
A_PuertoRico_8_1934_PB1_2084_2110,11
A_PuertoRico_8_1934_PB1_2087_2109,-1
A_PuertoRico_8_1934_PB1_208_2103,17
A_PuertoRico_8_1934_PB1_208_2114,2
A_PuertoRico_8_1934_PB1_2090_2129,12
A_PuertoRico_8_1934_PB1_2109_2132,19
A_PuertoRico_8_1934_PB1_2109_2139,9
A_PuertoRico_8_1934_PB1_210_2054,0
A_PuertoRico_8_1934_PB1_2110_2166,13
A_PuertoRico_8_1934_PB1_2128_2158,7
A_PuertoRico_8_1934_PB1_213_1995,29
A_PuertoRico_8_1934_PB1_213_2045,21
A_PuertoRico_8_1934_PB1_213_2110,-1
A_PuertoRico_8_1934_PB1_215_2093,29
A_PuertoRico_8_1934_PB1_2220_2257,33
A_PuertoRico_8_1934_PB1_2225_2260,34
A_PuertoRico_8_1934_PB1_2228_2256,17
A_PuertoRico_8_1934_PB1_2230_2259,20
A_PuertoRico_8_1934_PB1_223_2054,26
A_PuertoRico_8_1934_PB1_223_2071,9
A_PuertoRico_8_1934_PB1_223_2091,19
A_PuertoRico_8_1934_PB1_231_2090,32
A_PuertoRico_8_1934_PB1_231_2109,33
A_PuertoRico_8_1934_PB1_236_1874,25
A_PuertoRico_8_1934_PB1_241_2015,33
A_PuertoRico_8_1934_PB1_253_1995,6
A_PuertoRico_8_1934_PB1_253_2054,22
A_PuertoRico_8_1934_PB1_253_2071,4
A_PuertoRico_8_1934_PB1_253_2110,17
A_PuertoRico_8_1934_PB1_254_2057,4
A_PuertoRico_8_1934_PB1_254_2062,1
A_PuertoRico_8_1934_PB1_255_2053,8
A_PuertoRico_8_1934_PB1_255_2109,27
A_PuertoRico_8_1934_PB1_256_2000,17
A_PuertoRico_8_1934_PB1_259_2084,-1
A_PuertoRico_8_1934_PB1_260_1972,24
A_PuertoRico_8_1934_PB1_261_1954,0
A_PuertoRico_8_1934_PB1_261_2054,6
A_PuertoRico_8_1934_PB1_261_2071,10
A_PuertoRico_8_1934_PB1_264_2059,4
A_PuertoRico_8_1934_PB1_268_1898,7
A_PuertoRico_8_1934_PB1_269_1969,-1
A_PuertoRico_8_1934_PB1_269_2008,23
A_PuertoRico_8_1934_PB1_269_2014,9
A_PuertoRico_8_1934_PB1_269_2016,1
A_PuertoRico_8_1934_PB1_269_2054,24
A_PuertoRico_8_1934_PB1_269_2056,-1
A_PuertoRico_8_1934_PB1_270_1935,1
A_PuertoRico_8_1934_PB1_270_2046,5
A_PuertoRico_8_1934_PB1_270_2111,9
A_PuertoRico_8_1934_PB1_271_1960,16
A_PuertoRico_8_1934_PB1_271_1973,17
A_PuertoRico_8_1934_PB1_272_1900,6
A_PuertoRico_8_1934_PB1_273_1965,8
A_PuertoRico_8_1934_PB1_277_2032,34
A_PuertoRico_8_1934_PB1_278_1898,28
A_PuertoRico_8_1934_PB1_279_1949,18
A_PuertoRico_8_1934_PB1_279_2054,-1
A_PuertoRico_8_1934_PB1_284_1973,10
A_PuertoRico_8_1934_PB1_288_1982,34
A_PuertoRico_8_1934_PB1_288_2071,17
A_PuertoRico_8_1934_PB1_290_2112,19
A_PuertoRico_8_1934_PB1_321_1898,6
A_PuertoRico_8_1934_PB1_324_1857,2
A_PuertoRico_8_1934_PB1_325_1899,26
A_PuertoRico_8_1934_PB1_326_2023,-1
A_PuertoRico_8_1934_PB1_328_1821,7
A_PuertoRico_8_1934_PB1_328_1829,16
A_PuertoRico_8_1934_PB1_328_1858,0
A_PuertoRico_8_1934_PB1_328_1906,14
A_PuertoRico_8_1934_PB1_328_2011,8
A_PuertoRico_8_1934_PB1_328_2014,4
A_PuertoRico_8_1934_PB1_328_2056,27
A_PuertoRico_8_1934_PB1_329_1898,11
A_PuertoRico_8_1934_PB1_329_1989,4
A_PuertoRico_8_1934_PB1_331_2113,17
A_PuertoRico_8_1934_PB1_334_1899,26
A_PuertoRico_8_1934_PB1_334_2006,1
A_PuertoRico_8_1934_PB1_338_1897,16
A_PuertoRico_8_1934_PB1_345_1898,1
A_PuertoRico_8_1934_PB1_346_1821,1
A_PuertoRico_8_1934_PB1_346_1829,0
A_PuertoRico_8_1934_PB1_346_1884,0
A_PuertoRico_8_1934_PB1_346_1901,10
A_PuertoRico_8_1934_PB1_346_1906,1
A_PuertoRico_8_1934_PB1_346_1942,0
A_PuertoRico_8_1934_PB1_346_1954,10
A_PuertoRico_8_1934_PB1_346_2054,29
A_PuertoRico_8_1934_PB1_346_2071,6
A_PuertoRico_8_1934_PB1_347_1898,15
A_PuertoRico_8_1934_PB1_347_1989,1
A_PuertoRico_8_1934_PB1_347_1996,17
A_PuertoRico_8_1934_PB1_350_1897,2
A_PuertoRico_8_1934_PB1_357_1899,4
A_PuertoRico_8_1934_PB1_361_1899,25
A_PuertoRico_8_1934_PB1_363_1883,25
A_PuertoRico_8_1934_PB1_364_1899,1
A_PuertoRico_8_1934_PB1_368_1897,6
A_PuertoRico_8_1934_PB1_371_1897,-1
A_PuertoRico_8_1934_PB1_372_1950,19
A_PuertoRico_8_1934_PB1_374_1885,34
A_PuertoRico_8_1934_PB1_375_1826,0
A_PuertoRico_8_1934_PB1_375_1887,16
A_PuertoRico_8_1934_PB1_375_1897,6
A_PuertoRico_8_1934_PB1_375_1928,10
A_PuertoRico_8_1934_PB1_380_1898,18
A_PuertoRico_8_1934_PB1_381_1897,11
A_PuertoRico_8_1934_PB1_381_1901,2
A_PuertoRico_8_1934_PB1_381_1928,4
A_PuertoRico_8_1934_PB1_393_1897,33
A_PuertoRico_8_1934_PB1_395_1897,0
A_PuertoRico_8_1934_PB1_409_1898,4
A_PuertoRico_8_1934_PB1_411_1834,27
A_PuertoRico_8_1934_PB1_412_1899,18
A_PuertoRico_8_1934_PB1_423_1897,-1
A_PuertoRico_8_1934_PB1_431_1833,17
A_PuertoRico_8_1934_PB1_444_1897,7
A_PuertoRico_8_1934_PB1_45_77,18
A_PuertoRico_8_1934_PB1_45_79,31
A_PuertoRico_8_1934_PB1_45_96,-1
A_PuertoRico_8_1934_PB1_461_1885,4
A_PuertoRico_8_1934_PB1_46_115,19
A_PuertoRico_8_1934_PB1_46_2055,9
A_PuertoRico_8_1934_PB1_47_100,-1
A_PuertoRico_8_1934_PB1_47_151,-1
A_PuertoRico_8_1934_PB1_510_2227,27
A_PuertoRico_8_1934_PB1_514_1701,28
A_PuertoRico_8_1934_PB1_534_1701,28
A_PuertoRico_8_1934_PB1_535_1754,27
A_PuertoRico_8_1934_PB1_548_1947,3
A_PuertoRico_8_1934_PB1_548_2083,3
A_PuertoRico_8_1934_PB1_54_149,-1
A_PuertoRico_8_1934_PB1_54_2054,9
A_PuertoRico_8_1934_PB1_54_2110,14
A_PuertoRico_8_1934_PB1_54_2139,3
A_PuertoRico_8_1934_PB1_54_77,-1
A_PuertoRico_8_1934_PB1_54_83,14
A_PuertoRico_8_1934_PB1_54_96,14
A_PuertoRico_8_1934_PB1_54_98,14
A_PuertoRico_8_1934_PB1_55_2057,19
A_PuertoRico_8_1934_PB1_55_80,14
A_PuertoRico_8_1934_PB1_55_86,14
A_PuertoRico_8_1934_PB1_569_1608,-1
A_PuertoRico_8_1934_PB1_56_2232,33
A_PuertoRico_8_1934_PB1_58_81,33
A_PuertoRico_8_1934_PB1_66_2129,33
A_PuertoRico_8_1934_PB1_67_99,-1
A_PuertoRico_8_1934_PB1_68_116,19
A_PuertoRico_8_1934_PB1_68_138,32
A_PuertoRico_8_1934_PB1_68_1971,19
A_PuertoRico_8_1934_PB1_68_2110,31
A_PuertoRico_8_1934_PB1_68_96,11
A_PuertoRico_8_1934_PB1_68_98,11
A_PuertoRico_8_1934_PB1_70_2087,3
A_PuertoRico_8_1934_PB1_70_2096,33
A_PuertoRico_8_1934_PB1_76_127,19
A_PuertoRico_8_1934_PB1_76_149,4
A_PuertoRico_8_1934_PB1_76_2054,-1
A_PuertoRico_8_1934_PB1_76_2230,30
A_PuertoRico_8_1934_PB1_76_98,20
A_PuertoRico_8_1934_PB1_77_2111,-1
A_PuertoRico_8_1934_PB1_95_149,31
A_PuertoRico_8_1934_PB1_96_2159,3
A_PuertoRico_8_1934_PB1_96_2166,-1
A_PuertoRico_8_1934_PB1_97_2129,0
A_PuertoRico_8_1934_PB1_97_2158,30
A_PuertoRico_8_1934_PB1_98_2055,14
A_PuertoRico_8_1934_PB2_107_2152,5
A_PuertoRico_8_1934_PB2_108_134,5
A_PuertoRico_8_1934_PB2_108_2140,-1
A_PuertoRico_8_1934_PB2_109_2152,-1
A_PuertoRico_8_1934_PB2_112_2142,0
A_PuertoRico_8_1934_PB2_116_2140,20
A_PuertoRico_8_1934_PB2_117_2156,32
A_PuertoRico_8_1934_PB2_118_2004,-1
A_PuertoRico_8_1934_PB2_118_2153,-1
A_PuertoRico_8_1934_PB2_120_2140,-1
A_PuertoRico_8_1934_PB2_121_2024,22
A_PuertoRico_8_1934_PB2_121_2139,10
A_PuertoRico_8_1934_PB2_123_2154,10
A_PuertoRico_8_1934_PB2_124_2135,28
A_PuertoRico_8_1934_PB2_127_2140,9
A_PuertoRico_8_1934_PB2_128_2139,10
A_PuertoRico_8_1934_PB2_128_2152,20
A_PuertoRico_8_1934_PB2_128_2156,32
A_PuertoRico_8_1934_PB2_128_2195,3
A_PuertoRico_8_1934_PB2_128_2203,3
A_PuertoRico_8_1934_PB2_130_2132,3
A_PuertoRico_8_1934_PB2_132_2123,3
A_PuertoRico_8_1934_PB2_135_2139,2
A_PuertoRico_8_1934_PB2_139_1961,3
A_PuertoRico_8_1934_PB2_142_2085,34
A_PuertoRico_8_1934_PB2_143_2006,34
A_PuertoRico_8_1934_PB2_143_2132,3
A_PuertoRico_8_1934_PB2_143_2139,7
A_PuertoRico_8_1934_PB2_146_1960,3
A_PuertoRico_8_1934_PB2_148_2137,14
A_PuertoRico_8_1934_PB2_151_2140,-1
A_PuertoRico_8_1934_PB2_152_2139,20
A_PuertoRico_8_1934_PB2_152_2152,21
A_PuertoRico_8_1934_PB2_152_2203,29
A_PuertoRico_8_1934_PB2_156_2139,10
A_PuertoRico_8_1934_PB2_159_2065,10
A_PuertoRico_8_1934_PB2_159_2067,-1
A_PuertoRico_8_1934_PB2_159_2152,13
A_PuertoRico_8_1934_PB2_159_2156,29
A_PuertoRico_8_1934_PB2_159_2195,33
A_PuertoRico_8_1934_PB2_161_2151,3
A_PuertoRico_8_1934_PB2_162_2090,3
A_PuertoRico_8_1934_PB2_162_2105,34
A_PuertoRico_8_1934_PB2_162_2109,2
A_PuertoRico_8_1934_PB2_163_192,6
A_PuertoRico_8_1934_PB2_163_1969,19
A_PuertoRico_8_1934_PB2_163_1975,9
A_PuertoRico_8_1934_PB2_163_2006,24
A_PuertoRico_8_1934_PB2_163_2024,25
A_PuertoRico_8_1934_PB2_163_2053,0
A_PuertoRico_8_1934_PB2_163_2123,18
A_PuertoRico_8_1934_PB2_163_2139,15
A_PuertoRico_8_1934_PB2_163_2152,13
A_PuertoRico_8_1934_PB2_163_2159,-1
A_PuertoRico_8_1934_PB2_163_2164,19
A_PuertoRico_8_1934_PB2_163_2195,3
A_PuertoRico_8_1934_PB2_163_2203,31
A_PuertoRico_8_1934_PB2_164_2066,10
A_PuertoRico_8_1934_PB2_169_2102,29
A_PuertoRico_8_1934_PB2_172_2138,8
A_PuertoRico_8_1934_PB2_173_2101,0
A_PuertoRico_8_1934_PB2_174_2142,29
A_PuertoRico_8_1934_PB2_176_2108,3
A_PuertoRico_8_1934_PB2_177_2042,7
A_PuertoRico_8_1934_PB2_177_2086,26
A_PuertoRico_8_1934_PB2_177_2141,5
A_PuertoRico_8_1934_PB2_179_2138,4
A_PuertoRico_8_1934_PB2_181_2106,3
A_PuertoRico_8_1934_PB2_181_2142,17
A_PuertoRico_8_1934_PB2_182_2144,24
A_PuertoRico_8_1934_PB2_183_2048,28
A_PuertoRico_8_1934_PB2_187_2107,3
A_PuertoRico_8_1934_PB2_190_2085,10
A_PuertoRico_8_1934_PB2_190_2100,0
A_PuertoRico_8_1934_PB2_190_2104,3
A_PuertoRico_8_1934_PB2_190_225,28
A_PuertoRico_8_1934_PB2_191_1975,19
A_PuertoRico_8_1934_PB2_191_2003,29
A_PuertoRico_8_1934_PB2_191_2006,29
A_PuertoRico_8_1934_PB2_191_2024,1
A_PuertoRico_8_1934_PB2_191_2048,5
A_PuertoRico_8_1934_PB2_191_2053,7
A_PuertoRico_8_1934_PB2_191_2088,30
A_PuertoRico_8_1934_PB2_191_2152,14
A_PuertoRico_8_1934_PB2_191_2195,14
A_PuertoRico_8_1934_PB2_191_2203,9
A_PuertoRico_8_1934_PB2_192_2140,26
A_PuertoRico_8_1934_PB2_199_1975,-1
A_PuertoRico_8_1934_PB2_199_1993,26
A_PuertoRico_8_1934_PB2_199_2053,2
A_PuertoRico_8_1934_PB2_199_2123,8
A_PuertoRico_8_1934_PB2_199_2152,21
A_PuertoRico_8_1934_PB2_203_2079,15
A_PuertoRico_8_1934_PB2_204_2139,17
A_PuertoRico_8_1934_PB2_2053_2153,29
A_PuertoRico_8_1934_PB2_207_2021,-1
A_PuertoRico_8_1934_PB2_208_2024,10
A_PuertoRico_8_1934_PB2_210_1977,29
A_PuertoRico_8_1934_PB2_210_2154,21
A_PuertoRico_8_1934_PB2_212_2136,16
A_PuertoRico_8_1934_PB2_215_2041,10
A_PuertoRico_8_1934_PB2_215_2068,1
A_PuertoRico_8_1934_PB2_215_2080,29
A_PuertoRico_8_1934_PB2_215_2100,29
A_PuertoRico_8_1934_PB2_215_2206,3
A_PuertoRico_8_1934_PB2_216_1969,32
A_PuertoRico_8_1934_PB2_216_2040,29
A_PuertoRico_8_1934_PB2_216_2067,29
A_PuertoRico_8_1934_PB2_216_2114,29
A_PuertoRico_8_1934_PB2_216_2139,21
A_PuertoRico_8_1934_PB2_217_1976,8
A_PuertoRico_8_1934_PB2_217_1983,-1
A_PuertoRico_8_1934_PB2_217_2007,26
A_PuertoRico_8_1934_PB2_217_2037,0
A_PuertoRico_8_1934_PB2_217_2196,13
A_PuertoRico_8_1934_PB2_217_2204,11
A_PuertoRico_8_1934_PB2_2186_2217,25
A_PuertoRico_8_1934_PB2_218_2005,0
A_PuertoRico_8_1934_PB2_218_2055,10
A_PuertoRico_8_1934_PB2_2204_2232,33
A_PuertoRico_8_1934_PB2_223_2037,30
A_PuertoRico_8_1934_PB2_224_2002,16
A_PuertoRico_8_1934_PB2_224_2138,24
A_PuertoRico_8_1934_PB2_224_2151,29
A_PuertoRico_8_1934_PB2_225_2042,16
A_PuertoRico_8_1934_PB2_225_2096,18
A_PuertoRico_8_1934_PB2_225_2141,6
A_PuertoRico_8_1934_PB2_226_1964,6
A_PuertoRico_8_1934_PB2_226_2070,16
A_PuertoRico_8_1934_PB2_232_1991,3
A_PuertoRico_8_1934_PB2_243_1965,3
A_PuertoRico_8_1934_PB2_246_2172,3
A_PuertoRico_8_1934_PB2_249_2215,3
A_PuertoRico_8_1934_PB2_251_2048,1
A_PuertoRico_8_1934_PB2_252_1976,29
A_PuertoRico_8_1934_PB2_258_1975,16
A_PuertoRico_8_1934_PB2_258_2003,8
A_PuertoRico_8_1934_PB2_258_2024,0
A_PuertoRico_8_1934_PB2_258_2053,6
A_PuertoRico_8_1934_PB2_259_1994,3
A_PuertoRico_8_1934_PB2_265_1993,4
A_PuertoRico_8_1934_PB2_274_1946,3
A_PuertoRico_8_1934_PB2_274_2045,2
A_PuertoRico_8_1934_PB2_276_1968,-1
A_PuertoRico_8_1934_PB2_287_1975,7
A_PuertoRico_8_1934_PB2_297_2027,0
A_PuertoRico_8_1934_PB2_328_1969,34
A_PuertoRico_8_1934_PB2_328_2003,23
A_PuertoRico_8_1934_PB2_328_350,25
A_PuertoRico_8_1934_PB2_343_1976,18
A_PuertoRico_8_1934_PB2_402_1793,18
A_PuertoRico_8_1934_PB2_468_1793,18
A_PuertoRico_8_1934_PB2_470_1750,-1
A_PuertoRico_8_1934_PB2_627_1990,3
A_PuertoRico_8_1934_PB2_660_2167,3
A_PuertoRico_8_1934_PB2_90_133,29
A_PuertoRico_8_1934_PB2_91_2153,3
A_PuertoRico_8_1934_PB2_97_2139,27
