Segment,Start,End,NGS_read_count,ACC_num,Resolution,Cells,Context,MOI,Time,Compartment,Replicate
PB1,95,2035,2,SRR10489474,singlecell,MDCK,in vitro,10,12hpi,intracellular,PFU1low_0
PA,352,1908,1,SRR10489474,singlecell,MDCK,in vitro,10,12hpi,intracellular,PFU1low_0
PA,407,1879,1,SRR10489474,singlecell,MDCK,in vitro,10,12hpi,intracellular,PFU1low_0
NS,206,599,1,SRR10489474,singlecell,MDCK,in vitro,10,12hpi,intracellular,PFU1low_0
NS,57,530,1,SRR10489474,singlecell,MDCK,in vitro,10,12hpi,intracellular,PFU1low_0
PA,352,1908,2,SRR10489476,singlecell,MDCK,in vitro,10,12hpi,intracellular,PFU24low_0
M,146,741,1,SRR10489476,singlecell,MDCK,in vitro,10,12hpi,intracellular,PFU24low_0
M,52,741,1,SRR10489476,singlecell,MDCK,in vitro,10,12hpi,intracellular,PFU24low_0
NS,206,599,1,SRR10489476,singlecell,MDCK,in vitro,10,12hpi,intracellular,PFU24low_0
NS,57,530,1,SRR10489476,singlecell,MDCK,in vitro,10,12hpi,intracellular,PFU24low_0
PA,424,1692,1,SRR10489477,singlecell,MDCK,in vitro,10,12hpi,intracellular,PFU11low_0
M,146,741,1,SRR10489477,singlecell,MDCK,in vitro,10,12hpi,intracellular,PFU11low_0
M,52,741,2,SRR10489478,singlecell,MDCK,in vitro,10,12hpi,intracellular,PFU470high_0
NS,206,599,2,SRR10489478,singlecell,MDCK,in vitro,10,12hpi,intracellular,PFU470high_0
NS,57,530,1,SRR10489478,singlecell,MDCK,in vitro,10,12hpi,intracellular,PFU470high_0
PB2,150,2207,2,SRR10489480,singlecell,MDCK,in vitro,10,12hpi,intracellular,PFU23low_0
PA,197,221,1,SRR10489480,singlecell,MDCK,in vitro,10,12hpi,intracellular,PFU23low_0
PA,352,1908,2,SRR10489480,singlecell,MDCK,in vitro,10,12hpi,intracellular,PFU23low_0
M,52,741,1,SRR10489480,singlecell,MDCK,in vitro,10,12hpi,intracellular,PFU23low_0
NS,198,606,1,SRR10489480,singlecell,MDCK,in vitro,10,12hpi,intracellular,PFU23low_0
NS,206,599,2,SRR10489480,singlecell,MDCK,in vitro,10,12hpi,intracellular,PFU23low_0
NS,57,530,1,SRR10489480,singlecell,MDCK,in vitro,10,12hpi,intracellular,PFU23low_0
M,146,741,1,SRR10489481,singlecell,MDCK,in vitro,10,12hpi,intracellular,PFU430high_0
M,52,741,2,SRR10489481,singlecell,MDCK,in vitro,10,12hpi,intracellular,PFU430high_0
NS,109,530,1,SRR10489481,singlecell,MDCK,in vitro,10,12hpi,intracellular,PFU430high_0
NS,57,530,1,SRR10489481,singlecell,MDCK,in vitro,10,12hpi,intracellular,PFU430high_0
PA,352,1908,2,SRR10489483,singlecell,MDCK,in vitro,10,12hpi,intracellular,PFU670high_0
M,52,741,2,SRR10489483,singlecell,MDCK,in vitro,10,12hpi,intracellular,PFU670high_0
NS,206,599,1,SRR10489483,singlecell,MDCK,in vitro,10,12hpi,intracellular,PFU670high_0
NS,57,530,1,SRR10489483,singlecell,MDCK,in vitro,10,12hpi,intracellular,PFU670high_0
M,52,741,1,SRR10489486,singlecell,MDCK,in vitro,10,12hpi,intracellular,PFU680high_0
M,52,741,1,SRR10489492,singlecell,MDCK,in vitro,10,12hpi,intracellular,PFU650high_0
NS,57,530,2,SRR10489492,singlecell,MDCK,in vitro,10,12hpi,intracellular,PFU650high_0
PB1,1486,2130,1,SRR10489495,singlecell,MDCK,in vitro,10,12hpi,intracellular,PFU18low_0
PA,352,1908,2,SRR10489495,singlecell,MDCK,in vitro,10,12hpi,intracellular,PFU18low_0
M,52,741,1,SRR10489495,singlecell,MDCK,in vitro,10,12hpi,intracellular,PFU18low_0
PA,352,1908,1,SRR10489500,singlecell,MDCK,in vitro,10,12hpi,intracellular,PFU900high_0
PA,352,1908,1,SRR10489501,singlecell,MDCK,in vitro,10,12hpi,intracellular,PFU3low_0
PA,352,1908,1,SRR10489503,singlecell,MDCK,in vitro,10,12hpi,intracellular,PFU470high_1
M,52,741,1,SRR10489503,singlecell,MDCK,in vitro,10,12hpi,intracellular,PFU470high_1
M,52,741,1,SRR10489504,singlecell,MDCK,in vitro,10,12hpi,intracellular,PFU1100high_0
NS,57,530,1,SRR10489504,singlecell,MDCK,in vitro,10,12hpi,intracellular,PFU1100high_0
NS,57,530,1,SRR10489505,singlecell,MDCK,in vitro,10,12hpi,intracellular,PFU360high_0
M,52,741,1,SRR10489507,singlecell,MDCK,in vitro,10,12hpi,intracellular,PFU690high_0
NS,57,530,1,SRR10489507,singlecell,MDCK,in vitro,10,12hpi,intracellular,PFU690high_0
PB1,187,2043,1,SRR10489508,singlecell,MDCK,in vitro,10,12hpi,intracellular,PFU490high_0
M,146,741,1,SRR10489508,singlecell,MDCK,in vitro,10,12hpi,intracellular,PFU490high_0
M,52,741,1,SRR10489509,singlecell,MDCK,in vitro,10,12hpi,intracellular,PFU580high_0
PA,485,621,1,SRR10489510,singlecell,MDCK,in vitro,10,12hpi,intracellular,PFU400high_0
M,52,741,1,SRR10489510,singlecell,MDCK,in vitro,10,12hpi,intracellular,PFU400high_0
PB1,170,2110,2,SRR10489512,singlecell,MDCK,in vitro,10,12hpi,intracellular,PFU16low_0
M,52,741,1,SRR10489512,singlecell,MDCK,in vitro,10,12hpi,intracellular,PFU16low_0
M,52,741,1,SRR10489515,singlecell,MDCK,in vitro,10,12hpi,intracellular,PFU360high_3
NS,206,599,1,SRR10489515,singlecell,MDCK,in vitro,10,12hpi,intracellular,PFU360high_3
NS,57,530,1,SRR10489515,singlecell,MDCK,in vitro,10,12hpi,intracellular,PFU360high_3
PB1,213,1957,1,SRR10489516,singlecell,MDCK,in vitro,10,12hpi,intracellular,PFU37low_0
NS,57,530,1,SRR10489516,singlecell,MDCK,in vitro,10,12hpi,intracellular,PFU37low_0
NP,164,1322,2,SRR10489517,singlecell,MDCK,in vitro,10,12hpi,intracellular,PFU360high_4
M,52,741,1,SRR10489517,singlecell,MDCK,in vitro,10,12hpi,intracellular,PFU360high_4
NS,57,530,1,SRR10489517,singlecell,MDCK,in vitro,10,12hpi,intracellular,PFU360high_4
PA,197,221,1,SRR10489520,singlecell,MDCK,in vitro,10,12hpi,intracellular,PFU25low_0
PA,352,1908,2,SRR10489520,singlecell,MDCK,in vitro,10,12hpi,intracellular,PFU25low_0
M,52,741,1,SRR10489520,singlecell,MDCK,in vitro,10,12hpi,intracellular,PFU25low_0
NS,57,530,1,SRR10489520,singlecell,MDCK,in vitro,10,12hpi,intracellular,PFU25low_0
PA,167,2042,1,SRR10489522,singlecell,MDCK,in vitro,10,12hpi,intracellular,PFU890high_0
M,52,741,2,SRR10489522,singlecell,MDCK,in vitro,10,12hpi,intracellular,PFU890high_0
NS,109,530,1,SRR10489522,singlecell,MDCK,in vitro,10,12hpi,intracellular,PFU890high_0
NS,57,530,2,SRR10489522,singlecell,MDCK,in vitro,10,12hpi,intracellular,PFU890high_0
PA,194,1873,1,SRR10489523,singlecell,MDCK,in vitro,10,12hpi,intracellular,PFU1low_1
M,52,741,2,SRR10489523,singlecell,MDCK,in vitro,10,12hpi,intracellular,PFU1low_1
PA,352,1908,1,SRR10489524,singlecell,MDCK,in vitro,10,12hpi,intracellular,PFU17low_0
M,146,741,1,SRR10489524,singlecell,MDCK,in vitro,10,12hpi,intracellular,PFU17low_0
NS,206,599,1,SRR10489524,singlecell,MDCK,in vitro,10,12hpi,intracellular,PFU17low_0
PA,352,1908,1,SRR10489525,singlecell,MDCK,in vitro,10,12hpi,intracellular,PFU460high_1
NA,558,1189,1,SRR10489525,singlecell,MDCK,in vitro,10,12hpi,intracellular,PFU460high_1
PB1,485,1864,1,SRR10489526,singlecell,MDCK,in vitro,10,12hpi,intracellular,PFU3low_1
M,146,741,1,SRR10489530,singlecell,MDCK,in vitro,10,12hpi,intracellular,PFU420high_0
M,52,741,1,SRR10489530,singlecell,MDCK,in vitro,10,12hpi,intracellular,PFU420high_0
NS,206,599,2,SRR10489530,singlecell,MDCK,in vitro,10,12hpi,intracellular,PFU420high_0
NS,57,530,1,SRR10489531,singlecell,MDCK,in vitro,10,12hpi,intracellular,PFU350high_0
PA,197,221,1,SRR10489534,singlecell,MDCK,in vitro,10,12hpi,intracellular,PFU22low_1
PA,352,1908,2,SRR10489534,singlecell,MDCK,in vitro,10,12hpi,intracellular,PFU22low_1
M,52,741,1,SRR10489534,singlecell,MDCK,in vitro,10,12hpi,intracellular,PFU22low_1
NS,206,599,1,SRR10489534,singlecell,MDCK,in vitro,10,12hpi,intracellular,PFU22low_1
NS,57,530,2,SRR10489534,singlecell,MDCK,in vitro,10,12hpi,intracellular,PFU22low_1
PA,197,221,1,SRR10489535,singlecell,MDCK,in vitro,10,12hpi,intracellular,PFU11low_1
PA,352,1908,1,SRR10489535,singlecell,MDCK,in vitro,10,12hpi,intracellular,PFU11low_1
NS,57,530,1,SRR10489535,singlecell,MDCK,in vitro,10,12hpi,intracellular,PFU11low_1
PA,352,1908,1,SRR10489541,singlecell,MDCK,in vitro,10,12hpi,intracellular,PFU400high_1
HA,1240,1503,1,SRR10489546,singlecell,MDCK,in vitro,10,12hpi,intracellular,PFU560high_0
NA,226,1097,1,SRR10489546,singlecell,MDCK,in vitro,10,12hpi,intracellular,PFU560high_0
M,146,741,1,SRR10489546,singlecell,MDCK,in vitro,10,12hpi,intracellular,PFU560high_0
M,52,741,1,SRR10489546,singlecell,MDCK,in vitro,10,12hpi,intracellular,PFU560high_0
NS,206,599,2,SRR10489546,singlecell,MDCK,in vitro,10,12hpi,intracellular,PFU560high_0
NS,356,516,2,SRR10489546,singlecell,MDCK,in vitro,10,12hpi,intracellular,PFU560high_0
NS,57,530,1,SRR10489546,singlecell,MDCK,in vitro,10,12hpi,intracellular,PFU560high_0
PA,352,1908,1,SRR10489549,singlecell,MDCK,in vitro,10,12hpi,intracellular,PFU9low_0
M,52,741,1,SRR10489556,singlecell,MDCK,in vitro,10,12hpi,intracellular,PFU24low_2
NS,57,530,1,SRR10489556,singlecell,MDCK,in vitro,10,12hpi,intracellular,PFU24low_2
PA,329,1811,1,SRR10489563,singlecell,MDCK,in vitro,10,12hpi,intracellular,PFU450high_0
M,52,741,1,SRR10489563,singlecell,MDCK,in vitro,10,12hpi,intracellular,PFU450high_0
M,52,741,1,SRR10489565,singlecell,MDCK,in vitro,10,12hpi,intracellular,PFU960high_0
NS,57,530,1,SRR10489565,singlecell,MDCK,in vitro,10,12hpi,intracellular,PFU960high_0
PB1,213,1957,1,SRR10489568,singlecell,MDCK,in vitro,10,12hpi,intracellular,PFU4low_1
M,146,741,1,SRR10489568,singlecell,MDCK,in vitro,10,12hpi,intracellular,PFU4low_1
NS,57,530,1,SRR10489568,singlecell,MDCK,in vitro,10,12hpi,intracellular,PFU4low_1
PB2,108,2140,1,SRR10530642,bulk,MDCK,in vitro,10,12hpi,extracellular,1
PB2,1191,1375,1,SRR10530642,bulk,MDCK,in vitro,10,12hpi,extracellular,1
PB2,121,144,1,SRR10530642,bulk,MDCK,in vitro,10,12hpi,extracellular,1
PB2,127,2140,1,SRR10530642,bulk,MDCK,in vitro,10,12hpi,extracellular,1
PB2,1469,1958,1,SRR10530642,bulk,MDCK,in vitro,10,12hpi,extracellular,1
PB2,147,2081,1,SRR10530642,bulk,MDCK,in vitro,10,12hpi,extracellular,1
PB2,149,1802,1,SRR10530642,bulk,MDCK,in vitro,10,12hpi,extracellular,1
PB2,1506,1580,1,SRR10530642,bulk,MDCK,in vitro,10,12hpi,extracellular,1
PB2,1509,1564,1,SRR10530642,bulk,MDCK,in vitro,10,12hpi,extracellular,1
PB2,150,2191,1,SRR10530642,bulk,MDCK,in vitro,10,12hpi,extracellular,1
PB2,150,2207,2,SRR10530642,bulk,MDCK,in vitro,10,12hpi,extracellular,1
PB2,151,2040,1,SRR10530642,bulk,MDCK,in vitro,10,12hpi,extracellular,1
PB2,163,192,1,SRR10530642,bulk,MDCK,in vitro,10,12hpi,extracellular,1
PB2,163,2195,1,SRR10530642,bulk,MDCK,in vitro,10,12hpi,extracellular,1
PB2,171,2195,4,SRR10530642,bulk,MDCK,in vitro,10,12hpi,extracellular,1
PB2,173,2087,1,SRR10530642,bulk,MDCK,in vitro,10,12hpi,extracellular,1
PB2,183,2048,1,SRR10530642,bulk,MDCK,in vitro,10,12hpi,extracellular,1
PB2,184,2068,1,SRR10530642,bulk,MDCK,in vitro,10,12hpi,extracellular,1
PB2,189,2236,1,SRR10530642,bulk,MDCK,in vitro,10,12hpi,extracellular,1
PB2,198,2104,1,SRR10530642,bulk,MDCK,in vitro,10,12hpi,extracellular,1
PB2,210,2105,1,SRR10530642,bulk,MDCK,in vitro,10,12hpi,extracellular,1
PB2,215,1572,1,SRR10530642,bulk,MDCK,in vitro,10,12hpi,extracellular,1
PB2,216,2139,1,SRR10530642,bulk,MDCK,in vitro,10,12hpi,extracellular,1
PB2,217,2204,1,SRR10530642,bulk,MDCK,in vitro,10,12hpi,extracellular,1
PB2,221,2107,1,SRR10530642,bulk,MDCK,in vitro,10,12hpi,extracellular,1
PB2,248,2026,1,SRR10530642,bulk,MDCK,in vitro,10,12hpi,extracellular,1
PB2,25,2285,1,SRR10530642,bulk,MDCK,in vitro,10,12hpi,extracellular,1
PB2,267,1933,1,SRR10530642,bulk,MDCK,in vitro,10,12hpi,extracellular,1
PB2,271,2048,1,SRR10530642,bulk,MDCK,in vitro,10,12hpi,extracellular,1
PB2,272,1877,1,SRR10530642,bulk,MDCK,in vitro,10,12hpi,extracellular,1
PB2,275,1969,1,SRR10530642,bulk,MDCK,in vitro,10,12hpi,extracellular,1
PB2,275,2015,2,SRR10530642,bulk,MDCK,in vitro,10,12hpi,extracellular,1
PB2,317,1880,3,SRR10530642,bulk,MDCK,in vitro,10,12hpi,extracellular,1
PB2,322,1974,1,SRR10530642,bulk,MDCK,in vitro,10,12hpi,extracellular,1
PB2,327,1887,1,SRR10530642,bulk,MDCK,in vitro,10,12hpi,extracellular,1
PB2,329,1917,1,SRR10530642,bulk,MDCK,in vitro,10,12hpi,extracellular,1
PB2,380,1793,1,SRR10530642,bulk,MDCK,in vitro,10,12hpi,extracellular,1
PB2,449,1935,1,SRR10530642,bulk,MDCK,in vitro,10,12hpi,extracellular,1
PB2,462,2320,1,SRR10530642,bulk,MDCK,in vitro,10,12hpi,extracellular,1
PB2,470,1748,1,SRR10530642,bulk,MDCK,in vitro,10,12hpi,extracellular,1
PB2,495,1691,1,SRR10530642,bulk,MDCK,in vitro,10,12hpi,extracellular,1
PB2,564,1789,2,SRR10530642,bulk,MDCK,in vitro,10,12hpi,extracellular,1
PB2,67,2319,1,SRR10530642,bulk,MDCK,in vitro,10,12hpi,extracellular,1
PB2,734,2317,1,SRR10530642,bulk,MDCK,in vitro,10,12hpi,extracellular,1
PB2,830,1950,1,SRR10530642,bulk,MDCK,in vitro,10,12hpi,extracellular,1
PB2,831,2317,1,SRR10530642,bulk,MDCK,in vitro,10,12hpi,extracellular,1
PB2,88,2316,1,SRR10530642,bulk,MDCK,in vitro,10,12hpi,extracellular,1
PB2,90,131,1,SRR10530642,bulk,MDCK,in vitro,10,12hpi,extracellular,1
PB2,90,2317,1,SRR10530642,bulk,MDCK,in vitro,10,12hpi,extracellular,1
PB1,1165,2121,1,SRR10530642,bulk,MDCK,in vitro,10,12hpi,extracellular,1
PB1,1171,1952,1,SRR10530642,bulk,MDCK,in vitro,10,12hpi,extracellular,1
PB1,1189,2146,1,SRR10530642,bulk,MDCK,in vitro,10,12hpi,extracellular,1
PB1,1194,1939,1,SRR10530642,bulk,MDCK,in vitro,10,12hpi,extracellular,1
PB1,1201,2161,1,SRR10530642,bulk,MDCK,in vitro,10,12hpi,extracellular,1
PB1,1222,1866,1,SRR10530642,bulk,MDCK,in vitro,10,12hpi,extracellular,1
PB1,139,2129,1,SRR10530642,bulk,MDCK,in vitro,10,12hpi,extracellular,1
PB1,1828,1858,1,SRR10530642,bulk,MDCK,in vitro,10,12hpi,extracellular,1
PB1,184,1857,1,SRR10530642,bulk,MDCK,in vitro,10,12hpi,extracellular,1
PB1,184,2052,1,SRR10530642,bulk,MDCK,in vitro,10,12hpi,extracellular,1
PB1,1896,1929,1,SRR10530642,bulk,MDCK,in vitro,10,12hpi,extracellular,1
PB1,194,1996,1,SRR10530642,bulk,MDCK,in vitro,10,12hpi,extracellular,1
PB1,195,2091,1,SRR10530642,bulk,MDCK,in vitro,10,12hpi,extracellular,1
PB1,1987,2056,1,SRR10530642,bulk,MDCK,in vitro,10,12hpi,extracellular,1
PB1,199,2129,1,SRR10530642,bulk,MDCK,in vitro,10,12hpi,extracellular,1
PB1,204,1950,1,SRR10530642,bulk,MDCK,in vitro,10,12hpi,extracellular,1
PB1,204,2016,1,SRR10530642,bulk,MDCK,in vitro,10,12hpi,extracellular,1
PB1,2053,2129,1,SRR10530642,bulk,MDCK,in vitro,10,12hpi,extracellular,1
PB1,2070,2110,1,SRR10530642,bulk,MDCK,in vitro,10,12hpi,extracellular,1
PB1,2084,2110,1,SRR10530642,bulk,MDCK,in vitro,10,12hpi,extracellular,1
PB1,212,2063,1,SRR10530642,bulk,MDCK,in vitro,10,12hpi,extracellular,1
PB1,213,1957,2,SRR10530642,bulk,MDCK,in vitro,10,12hpi,extracellular,1
PB1,229,2054,1,SRR10530642,bulk,MDCK,in vitro,10,12hpi,extracellular,1
PB1,244,2107,1,SRR10530642,bulk,MDCK,in vitro,10,12hpi,extracellular,1
PB1,25,2116,1,SRR10530642,bulk,MDCK,in vitro,10,12hpi,extracellular,1
PB1,25,2118,1,SRR10530642,bulk,MDCK,in vitro,10,12hpi,extracellular,1
PB1,25,2140,1,SRR10530642,bulk,MDCK,in vitro,10,12hpi,extracellular,1
PB1,25,2209,1,SRR10530642,bulk,MDCK,in vitro,10,12hpi,extracellular,1
PB1,25,2215,1,SRR10530642,bulk,MDCK,in vitro,10,12hpi,extracellular,1
PB1,26,1499,1,SRR10530642,bulk,MDCK,in vitro,10,12hpi,extracellular,1
PB1,26,1940,1,SRR10530642,bulk,MDCK,in vitro,10,12hpi,extracellular,1
PB1,26,2120,1,SRR10530642,bulk,MDCK,in vitro,10,12hpi,extracellular,1
PB1,26,2148,1,SRR10530642,bulk,MDCK,in vitro,10,12hpi,extracellular,1
PB1,26,2195,1,SRR10530642,bulk,MDCK,in vitro,10,12hpi,extracellular,1
PB1,26,2231,1,SRR10530642,bulk,MDCK,in vitro,10,12hpi,extracellular,1
PB1,26,78,1,SRR10530642,bulk,MDCK,in vitro,10,12hpi,extracellular,1
PB1,283,1838,1,SRR10530642,bulk,MDCK,in vitro,10,12hpi,extracellular,1
PB1,309,1860,4,SRR10530642,bulk,MDCK,in vitro,10,12hpi,extracellular,1
PB1,315,2085,1,SRR10530642,bulk,MDCK,in vitro,10,12hpi,extracellular,1
PB1,318,1932,1,SRR10530642,bulk,MDCK,in vitro,10,12hpi,extracellular,1
PB1,321,2080,1,SRR10530642,bulk,MDCK,in vitro,10,12hpi,extracellular,1
PB1,323,2035,1,SRR10530642,bulk,MDCK,in vitro,10,12hpi,extracellular,1
PB1,328,1901,1,SRR10530642,bulk,MDCK,in vitro,10,12hpi,extracellular,1
PB1,328,1949,1,SRR10530642,bulk,MDCK,in vitro,10,12hpi,extracellular,1
PB1,328,2011,1,SRR10530642,bulk,MDCK,in vitro,10,12hpi,extracellular,1
PB1,334,2006,1,SRR10530642,bulk,MDCK,in vitro,10,12hpi,extracellular,1
PB1,338,1897,1,SRR10530642,bulk,MDCK,in vitro,10,12hpi,extracellular,1
PB1,338,1995,1,SRR10530642,bulk,MDCK,in vitro,10,12hpi,extracellular,1
PB1,347,1989,1,SRR10530642,bulk,MDCK,in vitro,10,12hpi,extracellular,1
PB1,357,1899,1,SRR10530642,bulk,MDCK,in vitro,10,12hpi,extracellular,1
PB1,360,1776,1,SRR10530642,bulk,MDCK,in vitro,10,12hpi,extracellular,1
PB1,384,1895,1,SRR10530642,bulk,MDCK,in vitro,10,12hpi,extracellular,1
PB1,434,1966,1,SRR10530642,bulk,MDCK,in vitro,10,12hpi,extracellular,1
PB1,434,1978,1,SRR10530642,bulk,MDCK,in vitro,10,12hpi,extracellular,1
PB1,479,1747,1,SRR10530642,bulk,MDCK,in vitro,10,12hpi,extracellular,1
PB1,500,1716,1,SRR10530642,bulk,MDCK,in vitro,10,12hpi,extracellular,1
PB1,523,1695,1,SRR10530642,bulk,MDCK,in vitro,10,12hpi,extracellular,1
PB1,526,1744,1,SRR10530642,bulk,MDCK,in vitro,10,12hpi,extracellular,1
PB1,548,2028,1,SRR10530642,bulk,MDCK,in vitro,10,12hpi,extracellular,1
PB1,559,1930,1,SRR10530642,bulk,MDCK,in vitro,10,12hpi,extracellular,1
PB1,55,86,1,SRR10530642,bulk,MDCK,in vitro,10,12hpi,extracellular,1
PB1,56,2052,1,SRR10530642,bulk,MDCK,in vitro,10,12hpi,extracellular,1
PB1,578,1742,1,SRR10530642,bulk,MDCK,in vitro,10,12hpi,extracellular,1
PB1,643,1729,1,SRR10530642,bulk,MDCK,in vitro,10,12hpi,extracellular,1
PB1,844,2116,1,SRR10530642,bulk,MDCK,in vitro,10,12hpi,extracellular,1
PB1,85,2148,1,SRR10530642,bulk,MDCK,in vitro,10,12hpi,extracellular,1
PB1,95,2035,2,SRR10530642,bulk,MDCK,in vitro,10,12hpi,extracellular,1
PA,123,1942,1,SRR10530642,bulk,MDCK,in vitro,10,12hpi,extracellular,1
PA,139,1966,1,SRR10530642,bulk,MDCK,in vitro,10,12hpi,extracellular,1
PA,139,1979,1,SRR10530642,bulk,MDCK,in vitro,10,12hpi,extracellular,1
PA,140,2087,1,SRR10530642,bulk,MDCK,in vitro,10,12hpi,extracellular,1
PA,144,1923,1,SRR10530642,bulk,MDCK,in vitro,10,12hpi,extracellular,1
PA,146,1974,1,SRR10530642,bulk,MDCK,in vitro,10,12hpi,extracellular,1
PA,153,1833,1,SRR10530642,bulk,MDCK,in vitro,10,12hpi,extracellular,1
PA,1557,1990,1,SRR10530642,bulk,MDCK,in vitro,10,12hpi,extracellular,1
PA,160,1950,3,SRR10530642,bulk,MDCK,in vitro,10,12hpi,extracellular,1
PA,162,1906,1,SRR10530642,bulk,MDCK,in vitro,10,12hpi,extracellular,1
PA,167,1990,1,SRR10530642,bulk,MDCK,in vitro,10,12hpi,extracellular,1
PA,169,1952,3,SRR10530642,bulk,MDCK,in vitro,10,12hpi,extracellular,1
PA,172,1458,1,SRR10530642,bulk,MDCK,in vitro,10,12hpi,extracellular,1
PA,174,2000,1,SRR10530642,bulk,MDCK,in vitro,10,12hpi,extracellular,1
PA,181,1631,1,SRR10530642,bulk,MDCK,in vitro,10,12hpi,extracellular,1
PA,182,1924,1,SRR10530642,bulk,MDCK,in vitro,10,12hpi,extracellular,1
PA,1893,1968,1,SRR10530642,bulk,MDCK,in vitro,10,12hpi,extracellular,1
PA,1896,2212,1,SRR10530642,bulk,MDCK,in vitro,10,12hpi,extracellular,1
PA,194,1873,4,SRR10530642,bulk,MDCK,in vitro,10,12hpi,extracellular,1
PA,195,1454,1,SRR10530642,bulk,MDCK,in vitro,10,12hpi,extracellular,1
PA,1960,2210,1,SRR10530642,bulk,MDCK,in vitro,10,12hpi,extracellular,1
PA,197,1954,1,SRR10530642,bulk,MDCK,in vitro,10,12hpi,extracellular,1
PA,197,221,4,SRR10530642,bulk,MDCK,in vitro,10,12hpi,extracellular,1
PA,198,1996,1,SRR10530642,bulk,MDCK,in vitro,10,12hpi,extracellular,1
PA,200,1983,1,SRR10530642,bulk,MDCK,in vitro,10,12hpi,extracellular,1
PA,204,1819,1,SRR10530642,bulk,MDCK,in vitro,10,12hpi,extracellular,1
PA,222,1879,1,SRR10530642,bulk,MDCK,in vitro,10,12hpi,extracellular,1
PA,225,1977,1,SRR10530642,bulk,MDCK,in vitro,10,12hpi,extracellular,1
PA,230,2215,1,SRR10530642,bulk,MDCK,in vitro,10,12hpi,extracellular,1
PA,239,1970,1,SRR10530642,bulk,MDCK,in vitro,10,12hpi,extracellular,1
PA,249,1959,1,SRR10530642,bulk,MDCK,in vitro,10,12hpi,extracellular,1
PA,254,1870,1,SRR10530642,bulk,MDCK,in vitro,10,12hpi,extracellular,1
PA,258,1967,1,SRR10530642,bulk,MDCK,in vitro,10,12hpi,extracellular,1
PA,259,1727,1,SRR10530642,bulk,MDCK,in vitro,10,12hpi,extracellular,1
PA,25,1836,1,SRR10530642,bulk,MDCK,in vitro,10,12hpi,extracellular,1
PA,263,1864,1,SRR10530642,bulk,MDCK,in vitro,10,12hpi,extracellular,1
PA,268,1902,1,SRR10530642,bulk,MDCK,in vitro,10,12hpi,extracellular,1
PA,26,1800,1,SRR10530642,bulk,MDCK,in vitro,10,12hpi,extracellular,1
PA,26,2189,1,SRR10530642,bulk,MDCK,in vitro,10,12hpi,extracellular,1
PA,272,1801,1,SRR10530642,bulk,MDCK,in vitro,10,12hpi,extracellular,1
PA,272,623,1,SRR10530642,bulk,MDCK,in vitro,10,12hpi,extracellular,1
PA,283,2044,1,SRR10530642,bulk,MDCK,in vitro,10,12hpi,extracellular,1
PA,285,1780,1,SRR10530642,bulk,MDCK,in vitro,10,12hpi,extracellular,1
PA,287,1876,1,SRR10530642,bulk,MDCK,in vitro,10,12hpi,extracellular,1
PA,295,372,1,SRR10530642,bulk,MDCK,in vitro,10,12hpi,extracellular,1
PA,299,1916,1,SRR10530642,bulk,MDCK,in vitro,10,12hpi,extracellular,1
PA,301,1745,1,SRR10530642,bulk,MDCK,in vitro,10,12hpi,extracellular,1
PA,301,1879,1,SRR10530642,bulk,MDCK,in vitro,10,12hpi,extracellular,1
PA,301,1901,1,SRR10530642,bulk,MDCK,in vitro,10,12hpi,extracellular,1
PA,303,2071,2,SRR10530642,bulk,MDCK,in vitro,10,12hpi,extracellular,1
PA,313,1854,3,SRR10530642,bulk,MDCK,in vitro,10,12hpi,extracellular,1
PA,329,1811,1,SRR10530642,bulk,MDCK,in vitro,10,12hpi,extracellular,1
PA,336,1904,1,SRR10530642,bulk,MDCK,in vitro,10,12hpi,extracellular,1
PA,341,1724,1,SRR10530642,bulk,MDCK,in vitro,10,12hpi,extracellular,1
PA,342,1745,1,SRR10530642,bulk,MDCK,in vitro,10,12hpi,extracellular,1
PA,352,1707,3,SRR10530642,bulk,MDCK,in vitro,10,12hpi,extracellular,1
PA,352,1908,5,SRR10530642,bulk,MDCK,in vitro,10,12hpi,extracellular,1
PA,365,1765,2,SRR10530642,bulk,MDCK,in vitro,10,12hpi,extracellular,1
PA,365,1780,1,SRR10530642,bulk,MDCK,in vitro,10,12hpi,extracellular,1
PA,370,1699,1,SRR10530642,bulk,MDCK,in vitro,10,12hpi,extracellular,1
PA,407,1745,1,SRR10530642,bulk,MDCK,in vitro,10,12hpi,extracellular,1
PA,424,1692,2,SRR10530642,bulk,MDCK,in vitro,10,12hpi,extracellular,1
PA,457,1691,1,SRR10530642,bulk,MDCK,in vitro,10,12hpi,extracellular,1
PA,461,2213,1,SRR10530642,bulk,MDCK,in vitro,10,12hpi,extracellular,1
PA,472,1697,1,SRR10530642,bulk,MDCK,in vitro,10,12hpi,extracellular,1
PA,474,1825,1,SRR10530642,bulk,MDCK,in vitro,10,12hpi,extracellular,1
PA,495,1660,1,SRR10530642,bulk,MDCK,in vitro,10,12hpi,extracellular,1
PA,515,1797,2,SRR10530642,bulk,MDCK,in vitro,10,12hpi,extracellular,1
PA,519,1558,1,SRR10530642,bulk,MDCK,in vitro,10,12hpi,extracellular,1
PA,524,1841,1,SRR10530642,bulk,MDCK,in vitro,10,12hpi,extracellular,1
PA,539,1547,1,SRR10530642,bulk,MDCK,in vitro,10,12hpi,extracellular,1
PA,546,1221,1,SRR10530642,bulk,MDCK,in vitro,10,12hpi,extracellular,1
PA,549,1990,1,SRR10530642,bulk,MDCK,in vitro,10,12hpi,extracellular,1
PA,554,1752,1,SRR10530642,bulk,MDCK,in vitro,10,12hpi,extracellular,1
PA,565,1576,1,SRR10530642,bulk,MDCK,in vitro,10,12hpi,extracellular,1
PA,581,1635,3,SRR10530642,bulk,MDCK,in vitro,10,12hpi,extracellular,1
PA,629,1861,1,SRR10530642,bulk,MDCK,in vitro,10,12hpi,extracellular,1
PA,669,1884,1,SRR10530642,bulk,MDCK,in vitro,10,12hpi,extracellular,1
PA,726,1645,1,SRR10530642,bulk,MDCK,in vitro,10,12hpi,extracellular,1
PA,986,1204,1,SRR10530642,bulk,MDCK,in vitro,10,12hpi,extracellular,1
HA,106,1487,1,SRR10530642,bulk,MDCK,in vitro,10,12hpi,extracellular,1
HA,1546,1581,1,SRR10530642,bulk,MDCK,in vitro,10,12hpi,extracellular,1
HA,218,1430,1,SRR10530642,bulk,MDCK,in vitro,10,12hpi,extracellular,1
HA,25,1637,1,SRR10530642,bulk,MDCK,in vitro,10,12hpi,extracellular,1
HA,286,1281,1,SRR10530642,bulk,MDCK,in vitro,10,12hpi,extracellular,1
HA,368,1327,1,SRR10530642,bulk,MDCK,in vitro,10,12hpi,extracellular,1
HA,369,1345,1,SRR10530642,bulk,MDCK,in vitro,10,12hpi,extracellular,1
HA,369,1580,1,SRR10530642,bulk,MDCK,in vitro,10,12hpi,extracellular,1
HA,88,1750,1,SRR10530642,bulk,MDCK,in vitro,10,12hpi,extracellular,1
NP,1014,1047,1,SRR10530642,bulk,MDCK,in vitro,10,12hpi,extracellular,1
NP,1076,1112,1,SRR10530642,bulk,MDCK,in vitro,10,12hpi,extracellular,1
NP,113,1541,1,SRR10530642,bulk,MDCK,in vitro,10,12hpi,extracellular,1
NP,137,1544,1,SRR10530642,bulk,MDCK,in vitro,10,12hpi,extracellular,1
NP,138,1544,1,SRR10530642,bulk,MDCK,in vitro,10,12hpi,extracellular,1
NP,139,1355,1,SRR10530642,bulk,MDCK,in vitro,10,12hpi,extracellular,1
NP,139,1543,1,SRR10530642,bulk,MDCK,in vitro,10,12hpi,extracellular,1
NP,139,1544,1,SRR10530642,bulk,MDCK,in vitro,10,12hpi,extracellular,1
NP,140,1541,1,SRR10530642,bulk,MDCK,in vitro,10,12hpi,extracellular,1
NP,151,1542,1,SRR10530642,bulk,MDCK,in vitro,10,12hpi,extracellular,1
NP,153,1342,1,SRR10530642,bulk,MDCK,in vitro,10,12hpi,extracellular,1
NP,164,1542,1,SRR10530642,bulk,MDCK,in vitro,10,12hpi,extracellular,1
NP,218,1277,1,SRR10530642,bulk,MDCK,in vitro,10,12hpi,extracellular,1
NP,237,1245,1,SRR10530642,bulk,MDCK,in vitro,10,12hpi,extracellular,1
NP,241,1541,1,SRR10530642,bulk,MDCK,in vitro,10,12hpi,extracellular,1
NP,272,1543,1,SRR10530642,bulk,MDCK,in vitro,10,12hpi,extracellular,1
NP,272,1544,1,SRR10530642,bulk,MDCK,in vitro,10,12hpi,extracellular,1
NP,274,1277,1,SRR10530642,bulk,MDCK,in vitro,10,12hpi,extracellular,1
NP,276,1544,1,SRR10530642,bulk,MDCK,in vitro,10,12hpi,extracellular,1
NP,296,531,1,SRR10530642,bulk,MDCK,in vitro,10,12hpi,extracellular,1
NP,29,1541,1,SRR10530642,bulk,MDCK,in vitro,10,12hpi,extracellular,1
NP,338,1541,1,SRR10530642,bulk,MDCK,in vitro,10,12hpi,extracellular,1
NP,387,1547,1,SRR10530642,bulk,MDCK,in vitro,10,12hpi,extracellular,1
NP,38,1541,1,SRR10530642,bulk,MDCK,in vitro,10,12hpi,extracellular,1
NP,41,1540,1,SRR10530642,bulk,MDCK,in vitro,10,12hpi,extracellular,1
NP,42,1544,1,SRR10530642,bulk,MDCK,in vitro,10,12hpi,extracellular,1
NP,475,933,1,SRR10530642,bulk,MDCK,in vitro,10,12hpi,extracellular,1
NP,47,1541,1,SRR10530642,bulk,MDCK,in vitro,10,12hpi,extracellular,1
NP,78,1543,1,SRR10530642,bulk,MDCK,in vitro,10,12hpi,extracellular,1
NP,79,1540,1,SRR10530642,bulk,MDCK,in vitro,10,12hpi,extracellular,1
NP,80,1542,1,SRR10530642,bulk,MDCK,in vitro,10,12hpi,extracellular,1
NP,817,1183,1,SRR10530642,bulk,MDCK,in vitro,10,12hpi,extracellular,1
NP,831,1417,1,SRR10530642,bulk,MDCK,in vitro,10,12hpi,extracellular,1
NP,83,1541,1,SRR10530642,bulk,MDCK,in vitro,10,12hpi,extracellular,1
NP,89,1541,1,SRR10530642,bulk,MDCK,in vitro,10,12hpi,extracellular,1
NP,90,1541,1,SRR10530642,bulk,MDCK,in vitro,10,12hpi,extracellular,1
NP,92,1542,1,SRR10530642,bulk,MDCK,in vitro,10,12hpi,extracellular,1
NP,93,1541,1,SRR10530642,bulk,MDCK,in vitro,10,12hpi,extracellular,1
NA,105,1030,1,SRR10530642,bulk,MDCK,in vitro,10,12hpi,extracellular,1
NA,144,190,1,SRR10530642,bulk,MDCK,in vitro,10,12hpi,extracellular,1
NA,149,1066,1,SRR10530642,bulk,MDCK,in vitro,10,12hpi,extracellular,1
NA,175,1091,1,SRR10530642,bulk,MDCK,in vitro,10,12hpi,extracellular,1
NA,198,292,1,SRR10530642,bulk,MDCK,in vitro,10,12hpi,extracellular,1
NA,206,1176,1,SRR10530642,bulk,MDCK,in vitro,10,12hpi,extracellular,1
NA,217,993,1,SRR10530642,bulk,MDCK,in vitro,10,12hpi,extracellular,1
NA,25,1278,1,SRR10530642,bulk,MDCK,in vitro,10,12hpi,extracellular,1
NA,344,793,1,SRR10530642,bulk,MDCK,in vitro,10,12hpi,extracellular,1
NA,348,691,1,SRR10530642,bulk,MDCK,in vitro,10,12hpi,extracellular,1
NA,375,972,1,SRR10530642,bulk,MDCK,in vitro,10,12hpi,extracellular,1
NA,438,945,3,SRR10530642,bulk,MDCK,in vitro,10,12hpi,extracellular,1
NA,452,1244,1,SRR10530642,bulk,MDCK,in vitro,10,12hpi,extracellular,1
NA,541,1086,3,SRR10530642,bulk,MDCK,in vitro,10,12hpi,extracellular,1
NA,569,791,3,SRR10530642,bulk,MDCK,in vitro,10,12hpi,extracellular,1
NA,62,1384,1,SRR10530642,bulk,MDCK,in vitro,10,12hpi,extracellular,1
NA,686,1394,1,SRR10530642,bulk,MDCK,in vitro,10,12hpi,extracellular,1
NA,707,1170,2,SRR10530642,bulk,MDCK,in vitro,10,12hpi,extracellular,1
M,285,936,1,SRR10530642,bulk,MDCK,in vitro,10,12hpi,extracellular,1
M,326,667,1,SRR10530642,bulk,MDCK,in vitro,10,12hpi,extracellular,1
M,512,667,1,SRR10530642,bulk,MDCK,in vitro,10,12hpi,extracellular,1
NS,105,866,1,SRR10530642,bulk,MDCK,in vitro,10,12hpi,extracellular,1
NS,110,673,1,SRR10530642,bulk,MDCK,in vitro,10,12hpi,extracellular,1
NS,147,704,1,SRR10530642,bulk,MDCK,in vitro,10,12hpi,extracellular,1
NS,186,711,1,SRR10530642,bulk,MDCK,in vitro,10,12hpi,extracellular,1
NS,198,606,2,SRR10530642,bulk,MDCK,in vitro,10,12hpi,extracellular,1
NS,203,866,1,SRR10530642,bulk,MDCK,in vitro,10,12hpi,extracellular,1
NS,206,599,8,SRR10530642,bulk,MDCK,in vitro,10,12hpi,extracellular,1
NS,212,696,1,SRR10530642,bulk,MDCK,in vitro,10,12hpi,extracellular,1
NS,215,644,2,SRR10530642,bulk,MDCK,in vitro,10,12hpi,extracellular,1
NS,259,868,1,SRR10530642,bulk,MDCK,in vitro,10,12hpi,extracellular,1
NS,263,799,1,SRR10530642,bulk,MDCK,in vitro,10,12hpi,extracellular,1
NS,297,774,1,SRR10530642,bulk,MDCK,in vitro,10,12hpi,extracellular,1
NS,31,589,1,SRR10530642,bulk,MDCK,in vitro,10,12hpi,extracellular,1
NS,356,516,1,SRR10530642,bulk,MDCK,in vitro,10,12hpi,extracellular,1
NS,59,867,1,SRR10530642,bulk,MDCK,in vitro,10,12hpi,extracellular,1
NS,85,868,1,SRR10530642,bulk,MDCK,in vitro,10,12hpi,extracellular,1
PB2,107,2152,1,SRR10530643,bulk,MDCK,in vitro,10,12hpi,extracellular,2
PB2,108,2140,2,SRR10530643,bulk,MDCK,in vitro,10,12hpi,extracellular,2
PB2,109,2152,2,SRR10530643,bulk,MDCK,in vitro,10,12hpi,extracellular,2
PB2,112,2142,1,SRR10530643,bulk,MDCK,in vitro,10,12hpi,extracellular,2
PB2,1158,1267,1,SRR10530643,bulk,MDCK,in vitro,10,12hpi,extracellular,2
PB2,116,2140,1,SRR10530643,bulk,MDCK,in vitro,10,12hpi,extracellular,2
PB2,118,2153,1,SRR10530643,bulk,MDCK,in vitro,10,12hpi,extracellular,2
PB2,120,2140,1,SRR10530643,bulk,MDCK,in vitro,10,12hpi,extracellular,2
PB2,122,2172,1,SRR10530643,bulk,MDCK,in vitro,10,12hpi,extracellular,2
PB2,1242,1344,1,SRR10530643,bulk,MDCK,in vitro,10,12hpi,extracellular,2
PB2,127,2140,1,SRR10530643,bulk,MDCK,in vitro,10,12hpi,extracellular,2
PB2,128,2152,1,SRR10530643,bulk,MDCK,in vitro,10,12hpi,extracellular,2
PB2,139,1961,2,SRR10530643,bulk,MDCK,in vitro,10,12hpi,extracellular,2
PB2,139,2159,1,SRR10530643,bulk,MDCK,in vitro,10,12hpi,extracellular,2
PB2,143,2139,1,SRR10530643,bulk,MDCK,in vitro,10,12hpi,extracellular,2
PB2,144,2094,1,SRR10530643,bulk,MDCK,in vitro,10,12hpi,extracellular,2
PB2,1466,2316,1,SRR10530643,bulk,MDCK,in vitro,10,12hpi,extracellular,2
PB2,147,2081,2,SRR10530643,bulk,MDCK,in vitro,10,12hpi,extracellular,2
PB2,147,2100,2,SRR10530643,bulk,MDCK,in vitro,10,12hpi,extracellular,2
PB2,148,2137,1,SRR10530643,bulk,MDCK,in vitro,10,12hpi,extracellular,2
PB2,150,181,1,SRR10530643,bulk,MDCK,in vitro,10,12hpi,extracellular,2
PB2,150,2207,4,SRR10530643,bulk,MDCK,in vitro,10,12hpi,extracellular,2
PB2,1515,2224,1,SRR10530643,bulk,MDCK,in vitro,10,12hpi,extracellular,2
PB2,151,2140,1,SRR10530643,bulk,MDCK,in vitro,10,12hpi,extracellular,2
PB2,152,1912,1,SRR10530643,bulk,MDCK,in vitro,10,12hpi,extracellular,2
PB2,152,2139,1,SRR10530643,bulk,MDCK,in vitro,10,12hpi,extracellular,2
PB2,152,2203,1,SRR10530643,bulk,MDCK,in vitro,10,12hpi,extracellular,2
PB2,152,2204,1,SRR10530643,bulk,MDCK,in vitro,10,12hpi,extracellular,2
PB2,156,2139,1,SRR10530643,bulk,MDCK,in vitro,10,12hpi,extracellular,2
PB2,157,2141,1,SRR10530643,bulk,MDCK,in vitro,10,12hpi,extracellular,2
PB2,159,1993,1,SRR10530643,bulk,MDCK,in vitro,10,12hpi,extracellular,2
PB2,159,2195,1,SRR10530643,bulk,MDCK,in vitro,10,12hpi,extracellular,2
PB2,160,1956,1,SRR10530643,bulk,MDCK,in vitro,10,12hpi,extracellular,2
PB2,161,2026,1,SRR10530643,bulk,MDCK,in vitro,10,12hpi,extracellular,2
PB2,161,2077,3,SRR10530643,bulk,MDCK,in vitro,10,12hpi,extracellular,2
PB2,162,2046,1,SRR10530643,bulk,MDCK,in vitro,10,12hpi,extracellular,2
PB2,162,2090,1,SRR10530643,bulk,MDCK,in vitro,10,12hpi,extracellular,2
PB2,162,2109,1,SRR10530643,bulk,MDCK,in vitro,10,12hpi,extracellular,2
PB2,163,192,3,SRR10530643,bulk,MDCK,in vitro,10,12hpi,extracellular,2
PB2,163,2152,3,SRR10530643,bulk,MDCK,in vitro,10,12hpi,extracellular,2
PB2,166,2135,1,SRR10530643,bulk,MDCK,in vitro,10,12hpi,extracellular,2
PB2,168,2121,3,SRR10530643,bulk,MDCK,in vitro,10,12hpi,extracellular,2
PB2,170,2104,1,SRR10530643,bulk,MDCK,in vitro,10,12hpi,extracellular,2
PB2,171,2168,1,SRR10530643,bulk,MDCK,in vitro,10,12hpi,extracellular,2
PB2,171,2195,4,SRR10530643,bulk,MDCK,in vitro,10,12hpi,extracellular,2
PB2,173,2087,4,SRR10530643,bulk,MDCK,in vitro,10,12hpi,extracellular,2
PB2,175,2100,1,SRR10530643,bulk,MDCK,in vitro,10,12hpi,extracellular,2
PB2,175,2247,1,SRR10530643,bulk,MDCK,in vitro,10,12hpi,extracellular,2
PB2,177,1940,1,SRR10530643,bulk,MDCK,in vitro,10,12hpi,extracellular,2
PB2,177,2042,1,SRR10530643,bulk,MDCK,in vitro,10,12hpi,extracellular,2
PB2,177,2086,1,SRR10530643,bulk,MDCK,in vitro,10,12hpi,extracellular,2
PB2,180,2087,1,SRR10530643,bulk,MDCK,in vitro,10,12hpi,extracellular,2
PB2,180,2089,3,SRR10530643,bulk,MDCK,in vitro,10,12hpi,extracellular,2
PB2,181,2142,1,SRR10530643,bulk,MDCK,in vitro,10,12hpi,extracellular,2
PB2,184,2077,1,SRR10530643,bulk,MDCK,in vitro,10,12hpi,extracellular,2
PB2,189,2236,1,SRR10530643,bulk,MDCK,in vitro,10,12hpi,extracellular,2
PB2,191,2203,1,SRR10530643,bulk,MDCK,in vitro,10,12hpi,extracellular,2
PB2,1938,2090,1,SRR10530643,bulk,MDCK,in vitro,10,12hpi,extracellular,2
PB2,195,1993,1,SRR10530643,bulk,MDCK,in vitro,10,12hpi,extracellular,2
PB2,195,2078,1,SRR10530643,bulk,MDCK,in vitro,10,12hpi,extracellular,2
PB2,195,2093,1,SRR10530643,bulk,MDCK,in vitro,10,12hpi,extracellular,2
PB2,195,2212,1,SRR10530643,bulk,MDCK,in vitro,10,12hpi,extracellular,2
PB2,196,1626,1,SRR10530643,bulk,MDCK,in vitro,10,12hpi,extracellular,2
PB2,197,2041,1,SRR10530643,bulk,MDCK,in vitro,10,12hpi,extracellular,2
PB2,199,227,1,SRR10530643,bulk,MDCK,in vitro,10,12hpi,extracellular,2
PB2,201,1985,3,SRR10530643,bulk,MDCK,in vitro,10,12hpi,extracellular,2
PB2,202,2083,1,SRR10530643,bulk,MDCK,in vitro,10,12hpi,extracellular,2
PB2,204,2139,1,SRR10530643,bulk,MDCK,in vitro,10,12hpi,extracellular,2
PB2,207,2140,3,SRR10530643,bulk,MDCK,in vitro,10,12hpi,extracellular,2
PB2,209,2097,1,SRR10530643,bulk,MDCK,in vitro,10,12hpi,extracellular,2
PB2,210,2154,1,SRR10530643,bulk,MDCK,in vitro,10,12hpi,extracellular,2
PB2,212,1498,1,SRR10530643,bulk,MDCK,in vitro,10,12hpi,extracellular,2
PB2,2132,2164,2,SRR10530643,bulk,MDCK,in vitro,10,12hpi,extracellular,2
PB2,215,1572,1,SRR10530643,bulk,MDCK,in vitro,10,12hpi,extracellular,2
PB2,216,1969,2,SRR10530643,bulk,MDCK,in vitro,10,12hpi,extracellular,2
PB2,216,2139,4,SRR10530643,bulk,MDCK,in vitro,10,12hpi,extracellular,2
PB2,216,2164,1,SRR10530643,bulk,MDCK,in vitro,10,12hpi,extracellular,2
PB2,2176,2198,1,SRR10530643,bulk,MDCK,in vitro,10,12hpi,extracellular,2
PB2,217,1976,2,SRR10530643,bulk,MDCK,in vitro,10,12hpi,extracellular,2
PB2,220,2042,1,SRR10530643,bulk,MDCK,in vitro,10,12hpi,extracellular,2
PB2,220,250,1,SRR10530643,bulk,MDCK,in vitro,10,12hpi,extracellular,2
PB2,222,2018,1,SRR10530643,bulk,MDCK,in vitro,10,12hpi,extracellular,2
PB2,225,1865,2,SRR10530643,bulk,MDCK,in vitro,10,12hpi,extracellular,2
PB2,225,2121,2,SRR10530643,bulk,MDCK,in vitro,10,12hpi,extracellular,2
PB2,227,2041,2,SRR10530643,bulk,MDCK,in vitro,10,12hpi,extracellular,2
PB2,230,1992,1,SRR10530643,bulk,MDCK,in vitro,10,12hpi,extracellular,2
PB2,232,1991,2,SRR10530643,bulk,MDCK,in vitro,10,12hpi,extracellular,2
PB2,232,2045,1,SRR10530643,bulk,MDCK,in vitro,10,12hpi,extracellular,2
PB2,233,1656,1,SRR10530643,bulk,MDCK,in vitro,10,12hpi,extracellular,2
PB2,235,1901,1,SRR10530643,bulk,MDCK,in vitro,10,12hpi,extracellular,2
PB2,238,1976,1,SRR10530643,bulk,MDCK,in vitro,10,12hpi,extracellular,2
PB2,242,2070,1,SRR10530643,bulk,MDCK,in vitro,10,12hpi,extracellular,2
PB2,246,2172,1,SRR10530643,bulk,MDCK,in vitro,10,12hpi,extracellular,2
PB2,248,2026,1,SRR10530643,bulk,MDCK,in vitro,10,12hpi,extracellular,2
PB2,251,2091,1,SRR10530643,bulk,MDCK,in vitro,10,12hpi,extracellular,2
PB2,252,1976,1,SRR10530643,bulk,MDCK,in vitro,10,12hpi,extracellular,2
PB2,253,1908,1,SRR10530643,bulk,MDCK,in vitro,10,12hpi,extracellular,2
PB2,256,1887,1,SRR10530643,bulk,MDCK,in vitro,10,12hpi,extracellular,2
PB2,258,1975,2,SRR10530643,bulk,MDCK,in vitro,10,12hpi,extracellular,2
PB2,259,1994,1,SRR10530643,bulk,MDCK,in vitro,10,12hpi,extracellular,2
PB2,25,85,1,SRR10530643,bulk,MDCK,in vitro,10,12hpi,extracellular,2
PB2,262,2107,1,SRR10530643,bulk,MDCK,in vitro,10,12hpi,extracellular,2
PB2,263,2186,1,SRR10530643,bulk,MDCK,in vitro,10,12hpi,extracellular,2
PB2,264,2085,1,SRR10530643,bulk,MDCK,in vitro,10,12hpi,extracellular,2
PB2,267,1933,4,SRR10530643,bulk,MDCK,in vitro,10,12hpi,extracellular,2
PB2,271,2048,1,SRR10530643,bulk,MDCK,in vitro,10,12hpi,extracellular,2
PB2,272,1877,2,SRR10530643,bulk,MDCK,in vitro,10,12hpi,extracellular,2
PB2,272,2071,1,SRR10530643,bulk,MDCK,in vitro,10,12hpi,extracellular,2
PB2,273,2089,1,SRR10530643,bulk,MDCK,in vitro,10,12hpi,extracellular,2
PB2,274,1946,1,SRR10530643,bulk,MDCK,in vitro,10,12hpi,extracellular,2
PB2,274,2045,1,SRR10530643,bulk,MDCK,in vitro,10,12hpi,extracellular,2
PB2,275,1969,1,SRR10530643,bulk,MDCK,in vitro,10,12hpi,extracellular,2
PB2,275,2015,3,SRR10530643,bulk,MDCK,in vitro,10,12hpi,extracellular,2
PB2,276,1861,1,SRR10530643,bulk,MDCK,in vitro,10,12hpi,extracellular,2
PB2,287,1975,2,SRR10530643,bulk,MDCK,in vitro,10,12hpi,extracellular,2
PB2,294,2026,1,SRR10530643,bulk,MDCK,in vitro,10,12hpi,extracellular,2
PB2,295,1923,1,SRR10530643,bulk,MDCK,in vitro,10,12hpi,extracellular,2
PB2,297,2027,1,SRR10530643,bulk,MDCK,in vitro,10,12hpi,extracellular,2
PB2,304,1935,1,SRR10530643,bulk,MDCK,in vitro,10,12hpi,extracellular,2
PB2,305,2011,1,SRR10530643,bulk,MDCK,in vitro,10,12hpi,extracellular,2
PB2,308,1802,1,SRR10530643,bulk,MDCK,in vitro,10,12hpi,extracellular,2
PB2,308,2091,1,SRR10530643,bulk,MDCK,in vitro,10,12hpi,extracellular,2
PB2,314,2097,1,SRR10530643,bulk,MDCK,in vitro,10,12hpi,extracellular,2
PB2,317,1880,5,SRR10530643,bulk,MDCK,in vitro,10,12hpi,extracellular,2
PB2,318,1916,1,SRR10530643,bulk,MDCK,in vitro,10,12hpi,extracellular,2
PB2,318,1922,2,SRR10530643,bulk,MDCK,in vitro,10,12hpi,extracellular,2
PB2,318,2012,1,SRR10530643,bulk,MDCK,in vitro,10,12hpi,extracellular,2
PB2,319,1992,1,SRR10530643,bulk,MDCK,in vitro,10,12hpi,extracellular,2
PB2,320,1948,2,SRR10530643,bulk,MDCK,in vitro,10,12hpi,extracellular,2
PB2,321,1922,1,SRR10530643,bulk,MDCK,in vitro,10,12hpi,extracellular,2
PB2,323,2138,1,SRR10530643,bulk,MDCK,in vitro,10,12hpi,extracellular,2
PB2,324,1921,4,SRR10530643,bulk,MDCK,in vitro,10,12hpi,extracellular,2
PB2,325,1887,1,SRR10530643,bulk,MDCK,in vitro,10,12hpi,extracellular,2
PB2,327,1887,4,SRR10530643,bulk,MDCK,in vitro,10,12hpi,extracellular,2
PB2,328,1969,1,SRR10530643,bulk,MDCK,in vitro,10,12hpi,extracellular,2
PB2,328,350,1,SRR10530643,bulk,MDCK,in vitro,10,12hpi,extracellular,2
PB2,329,1778,3,SRR10530643,bulk,MDCK,in vitro,10,12hpi,extracellular,2
PB2,329,1794,1,SRR10530643,bulk,MDCK,in vitro,10,12hpi,extracellular,2
PB2,329,1917,3,SRR10530643,bulk,MDCK,in vitro,10,12hpi,extracellular,2
PB2,329,1921,2,SRR10530643,bulk,MDCK,in vitro,10,12hpi,extracellular,2
PB2,332,1864,1,SRR10530643,bulk,MDCK,in vitro,10,12hpi,extracellular,2
PB2,332,2016,1,SRR10530643,bulk,MDCK,in vitro,10,12hpi,extracellular,2
PB2,338,1970,1,SRR10530643,bulk,MDCK,in vitro,10,12hpi,extracellular,2
PB2,341,2161,1,SRR10530643,bulk,MDCK,in vitro,10,12hpi,extracellular,2
PB2,343,1834,1,SRR10530643,bulk,MDCK,in vitro,10,12hpi,extracellular,2
PB2,368,1963,1,SRR10530643,bulk,MDCK,in vitro,10,12hpi,extracellular,2
PB2,376,1793,1,SRR10530643,bulk,MDCK,in vitro,10,12hpi,extracellular,2
PB2,380,1793,5,SRR10530643,bulk,MDCK,in vitro,10,12hpi,extracellular,2
PB2,380,1937,3,SRR10530643,bulk,MDCK,in vitro,10,12hpi,extracellular,2
PB2,380,403,1,SRR10530643,bulk,MDCK,in vitro,10,12hpi,extracellular,2
PB2,382,1802,1,SRR10530643,bulk,MDCK,in vitro,10,12hpi,extracellular,2
PB2,383,2171,1,SRR10530643,bulk,MDCK,in vitro,10,12hpi,extracellular,2
PB2,386,1793,1,SRR10530643,bulk,MDCK,in vitro,10,12hpi,extracellular,2
PB2,387,1820,1,SRR10530643,bulk,MDCK,in vitro,10,12hpi,extracellular,2
PB2,395,1928,1,SRR10530643,bulk,MDCK,in vitro,10,12hpi,extracellular,2
PB2,396,2315,1,SRR10530643,bulk,MDCK,in vitro,10,12hpi,extracellular,2
PB2,402,1741,1,SRR10530643,bulk,MDCK,in vitro,10,12hpi,extracellular,2
PB2,402,1793,1,SRR10530643,bulk,MDCK,in vitro,10,12hpi,extracellular,2
PB2,407,1793,1,SRR10530643,bulk,MDCK,in vitro,10,12hpi,extracellular,2
PB2,409,1846,1,SRR10530643,bulk,MDCK,in vitro,10,12hpi,extracellular,2
PB2,418,1963,1,SRR10530643,bulk,MDCK,in vitro,10,12hpi,extracellular,2
PB2,428,1752,3,SRR10530643,bulk,MDCK,in vitro,10,12hpi,extracellular,2
PB2,428,1867,1,SRR10530643,bulk,MDCK,in vitro,10,12hpi,extracellular,2
PB2,431,1759,1,SRR10530643,bulk,MDCK,in vitro,10,12hpi,extracellular,2
PB2,436,1728,1,SRR10530643,bulk,MDCK,in vitro,10,12hpi,extracellular,2
PB2,449,1678,1,SRR10530643,bulk,MDCK,in vitro,10,12hpi,extracellular,2
PB2,449,1738,1,SRR10530643,bulk,MDCK,in vitro,10,12hpi,extracellular,2
PB2,449,1766,1,SRR10530643,bulk,MDCK,in vitro,10,12hpi,extracellular,2
PB2,450,1793,2,SRR10530643,bulk,MDCK,in vitro,10,12hpi,extracellular,2
PB2,451,1686,1,SRR10530643,bulk,MDCK,in vitro,10,12hpi,extracellular,2
PB2,451,1756,1,SRR10530643,bulk,MDCK,in vitro,10,12hpi,extracellular,2
PB2,453,1687,1,SRR10530643,bulk,MDCK,in vitro,10,12hpi,extracellular,2
PB2,453,1936,1,SRR10530643,bulk,MDCK,in vitro,10,12hpi,extracellular,2
PB2,462,2320,1,SRR10530643,bulk,MDCK,in vitro,10,12hpi,extracellular,2
PB2,463,1921,5,SRR10530643,bulk,MDCK,in vitro,10,12hpi,extracellular,2
PB2,467,1759,3,SRR10530643,bulk,MDCK,in vitro,10,12hpi,extracellular,2
PB2,467,1768,1,SRR10530643,bulk,MDCK,in vitro,10,12hpi,extracellular,2
PB2,467,1790,1,SRR10530643,bulk,MDCK,in vitro,10,12hpi,extracellular,2
PB2,468,1793,1,SRR10530643,bulk,MDCK,in vitro,10,12hpi,extracellular,2
PB2,470,1748,1,SRR10530643,bulk,MDCK,in vitro,10,12hpi,extracellular,2
PB2,470,1750,1,SRR10530643,bulk,MDCK,in vitro,10,12hpi,extracellular,2
PB2,470,1878,1,SRR10530643,bulk,MDCK,in vitro,10,12hpi,extracellular,2
PB2,475,1814,1,SRR10530643,bulk,MDCK,in vitro,10,12hpi,extracellular,2
PB2,479,1727,1,SRR10530643,bulk,MDCK,in vitro,10,12hpi,extracellular,2
PB2,482,1739,1,SRR10530643,bulk,MDCK,in vitro,10,12hpi,extracellular,2
PB2,490,1733,1,SRR10530643,bulk,MDCK,in vitro,10,12hpi,extracellular,2
PB2,491,2213,1,SRR10530643,bulk,MDCK,in vitro,10,12hpi,extracellular,2
PB2,495,1691,2,SRR10530643,bulk,MDCK,in vitro,10,12hpi,extracellular,2
PB2,495,1721,1,SRR10530643,bulk,MDCK,in vitro,10,12hpi,extracellular,2
PB2,496,1803,1,SRR10530643,bulk,MDCK,in vitro,10,12hpi,extracellular,2
PB2,497,1801,1,SRR10530643,bulk,MDCK,in vitro,10,12hpi,extracellular,2
PB2,504,1824,1,SRR10530643,bulk,MDCK,in vitro,10,12hpi,extracellular,2
PB2,514,1648,2,SRR10530643,bulk,MDCK,in vitro,10,12hpi,extracellular,2
PB2,519,1789,1,SRR10530643,bulk,MDCK,in vitro,10,12hpi,extracellular,2
PB2,535,1733,1,SRR10530643,bulk,MDCK,in vitro,10,12hpi,extracellular,2
PB2,537,1763,1,SRR10530643,bulk,MDCK,in vitro,10,12hpi,extracellular,2
PB2,561,1890,1,SRR10530643,bulk,MDCK,in vitro,10,12hpi,extracellular,2
PB2,562,1766,1,SRR10530643,bulk,MDCK,in vitro,10,12hpi,extracellular,2
PB2,564,1789,2,SRR10530643,bulk,MDCK,in vitro,10,12hpi,extracellular,2
PB2,582,1651,1,SRR10530643,bulk,MDCK,in vitro,10,12hpi,extracellular,2
PB2,583,1749,1,SRR10530643,bulk,MDCK,in vitro,10,12hpi,extracellular,2
PB2,586,1677,2,SRR10530643,bulk,MDCK,in vitro,10,12hpi,extracellular,2
PB2,595,1673,1,SRR10530643,bulk,MDCK,in vitro,10,12hpi,extracellular,2
PB2,598,1665,1,SRR10530643,bulk,MDCK,in vitro,10,12hpi,extracellular,2
PB2,610,1643,1,SRR10530643,bulk,MDCK,in vitro,10,12hpi,extracellular,2
PB2,622,1732,1,SRR10530643,bulk,MDCK,in vitro,10,12hpi,extracellular,2
PB2,643,1593,1,SRR10530643,bulk,MDCK,in vitro,10,12hpi,extracellular,2
PB2,653,1950,1,SRR10530643,bulk,MDCK,in vitro,10,12hpi,extracellular,2
PB2,667,1650,3,SRR10530643,bulk,MDCK,in vitro,10,12hpi,extracellular,2
PB2,66,1895,1,SRR10530643,bulk,MDCK,in vitro,10,12hpi,extracellular,2
PB2,693,1687,1,SRR10530643,bulk,MDCK,in vitro,10,12hpi,extracellular,2
PB2,724,1887,3,SRR10530643,bulk,MDCK,in vitro,10,12hpi,extracellular,2
PB2,733,1461,1,SRR10530643,bulk,MDCK,in vitro,10,12hpi,extracellular,2
PB2,750,1262,1,SRR10530643,bulk,MDCK,in vitro,10,12hpi,extracellular,2
PB2,779,1471,1,SRR10530643,bulk,MDCK,in vitro,10,12hpi,extracellular,2
PB2,788,1488,1,SRR10530643,bulk,MDCK,in vitro,10,12hpi,extracellular,2
PB2,830,1950,1,SRR10530643,bulk,MDCK,in vitro,10,12hpi,extracellular,2
PB2,842,1411,1,SRR10530643,bulk,MDCK,in vitro,10,12hpi,extracellular,2
PB2,881,2139,1,SRR10530643,bulk,MDCK,in vitro,10,12hpi,extracellular,2
PB2,894,1392,1,SRR10530643,bulk,MDCK,in vitro,10,12hpi,extracellular,2
PB2,91,2153,1,SRR10530643,bulk,MDCK,in vitro,10,12hpi,extracellular,2
PB2,96,2084,1,SRR10530643,bulk,MDCK,in vitro,10,12hpi,extracellular,2
PB2,975,1966,1,SRR10530643,bulk,MDCK,in vitro,10,12hpi,extracellular,2
PB1,107,2113,1,SRR10530643,bulk,MDCK,in vitro,10,12hpi,extracellular,2
PB1,1084,1923,1,SRR10530643,bulk,MDCK,in vitro,10,12hpi,extracellular,2
PB1,1092,2064,1,SRR10530643,bulk,MDCK,in vitro,10,12hpi,extracellular,2
PB1,115,138,1,SRR10530643,bulk,MDCK,in vitro,10,12hpi,extracellular,2
PB1,1171,1952,2,SRR10530643,bulk,MDCK,in vitro,10,12hpi,extracellular,2
PB1,1189,2241,1,SRR10530643,bulk,MDCK,in vitro,10,12hpi,extracellular,2
PB1,1222,1866,1,SRR10530643,bulk,MDCK,in vitro,10,12hpi,extracellular,2
PB1,1234,2211,1,SRR10530643,bulk,MDCK,in vitro,10,12hpi,extracellular,2
PB1,129,2181,1,SRR10530643,bulk,MDCK,in vitro,10,12hpi,extracellular,2
PB1,130,2157,1,SRR10530643,bulk,MDCK,in vitro,10,12hpi,extracellular,2
PB1,132,2056,1,SRR10530643,bulk,MDCK,in vitro,10,12hpi,extracellular,2
PB1,134,1488,1,SRR10530643,bulk,MDCK,in vitro,10,12hpi,extracellular,2
PB1,136,2124,1,SRR10530643,bulk,MDCK,in vitro,10,12hpi,extracellular,2
PB1,137,2082,1,SRR10530643,bulk,MDCK,in vitro,10,12hpi,extracellular,2
PB1,137,2110,1,SRR10530643,bulk,MDCK,in vitro,10,12hpi,extracellular,2
PB1,139,165,1,SRR10530643,bulk,MDCK,in vitro,10,12hpi,extracellular,2
PB1,139,2129,1,SRR10530643,bulk,MDCK,in vitro,10,12hpi,extracellular,2
PB1,142,2115,1,SRR10530643,bulk,MDCK,in vitro,10,12hpi,extracellular,2
PB1,149,2140,1,SRR10530643,bulk,MDCK,in vitro,10,12hpi,extracellular,2
PB1,161,2072,1,SRR10530643,bulk,MDCK,in vitro,10,12hpi,extracellular,2
PB1,162,2087,1,SRR10530643,bulk,MDCK,in vitro,10,12hpi,extracellular,2
PB1,162,2094,1,SRR10530643,bulk,MDCK,in vitro,10,12hpi,extracellular,2
PB1,162,2110,1,SRR10530643,bulk,MDCK,in vitro,10,12hpi,extracellular,2
PB1,162,2129,1,SRR10530643,bulk,MDCK,in vitro,10,12hpi,extracellular,2
PB1,164,2008,2,SRR10530643,bulk,MDCK,in vitro,10,12hpi,extracellular,2
PB1,164,2056,1,SRR10530643,bulk,MDCK,in vitro,10,12hpi,extracellular,2
PB1,164,2085,1,SRR10530643,bulk,MDCK,in vitro,10,12hpi,extracellular,2
PB1,164,2149,1,SRR10530643,bulk,MDCK,in vitro,10,12hpi,extracellular,2
PB1,1663,1864,1,SRR10530643,bulk,MDCK,in vitro,10,12hpi,extracellular,2
PB1,1697,1724,1,SRR10530643,bulk,MDCK,in vitro,10,12hpi,extracellular,2
PB1,174,1720,1,SRR10530643,bulk,MDCK,in vitro,10,12hpi,extracellular,2
PB1,175,2065,4,SRR10530643,bulk,MDCK,in vitro,10,12hpi,extracellular,2
PB1,178,1971,1,SRR10530643,bulk,MDCK,in vitro,10,12hpi,extracellular,2
PB1,180,2103,1,SRR10530643,bulk,MDCK,in vitro,10,12hpi,extracellular,2
PB1,1835,2002,1,SRR10530643,bulk,MDCK,in vitro,10,12hpi,extracellular,2
PB1,184,2052,1,SRR10530643,bulk,MDCK,in vitro,10,12hpi,extracellular,2
PB1,184,2110,1,SRR10530643,bulk,MDCK,in vitro,10,12hpi,extracellular,2
PB1,1870,1938,1,SRR10530643,bulk,MDCK,in vitro,10,12hpi,extracellular,2
PB1,187,2093,1,SRR10530643,bulk,MDCK,in vitro,10,12hpi,extracellular,2
PB1,188,2081,1,SRR10530643,bulk,MDCK,in vitro,10,12hpi,extracellular,2
PB1,1896,1928,1,SRR10530643,bulk,MDCK,in vitro,10,12hpi,extracellular,2
PB1,190,1978,3,SRR10530643,bulk,MDCK,in vitro,10,12hpi,extracellular,2
PB1,191,1667,1,SRR10530643,bulk,MDCK,in vitro,10,12hpi,extracellular,2
PB1,191,2113,3,SRR10530643,bulk,MDCK,in vitro,10,12hpi,extracellular,2
PB1,192,2129,2,SRR10530643,bulk,MDCK,in vitro,10,12hpi,extracellular,2
PB1,193,2057,1,SRR10530643,bulk,MDCK,in vitro,10,12hpi,extracellular,2
PB1,194,1996,2,SRR10530643,bulk,MDCK,in vitro,10,12hpi,extracellular,2
PB1,1951,1973,1,SRR10530643,bulk,MDCK,in vitro,10,12hpi,extracellular,2
PB1,195,1995,1,SRR10530643,bulk,MDCK,in vitro,10,12hpi,extracellular,2
PB1,195,2016,1,SRR10530643,bulk,MDCK,in vitro,10,12hpi,extracellular,2
PB1,195,2091,1,SRR10530643,bulk,MDCK,in vitro,10,12hpi,extracellular,2
PB1,195,2110,2,SRR10530643,bulk,MDCK,in vitro,10,12hpi,extracellular,2
PB1,196,2057,1,SRR10530643,bulk,MDCK,in vitro,10,12hpi,extracellular,2
PB1,1977,2014,1,SRR10530643,bulk,MDCK,in vitro,10,12hpi,extracellular,2
PB1,1978,2073,1,SRR10530643,bulk,MDCK,in vitro,10,12hpi,extracellular,2
PB1,197,2062,1,SRR10530643,bulk,MDCK,in vitro,10,12hpi,extracellular,2
PB1,199,1971,1,SRR10530643,bulk,MDCK,in vitro,10,12hpi,extracellular,2
PB1,199,2063,1,SRR10530643,bulk,MDCK,in vitro,10,12hpi,extracellular,2
PB1,199,2077,1,SRR10530643,bulk,MDCK,in vitro,10,12hpi,extracellular,2
PB1,199,2085,1,SRR10530643,bulk,MDCK,in vitro,10,12hpi,extracellular,2
PB1,199,2094,2,SRR10530643,bulk,MDCK,in vitro,10,12hpi,extracellular,2
PB1,199,2110,1,SRR10530643,bulk,MDCK,in vitro,10,12hpi,extracellular,2
PB1,199,2129,1,SRR10530643,bulk,MDCK,in vitro,10,12hpi,extracellular,2
PB1,200,2055,1,SRR10530643,bulk,MDCK,in vitro,10,12hpi,extracellular,2
PB1,200,2072,3,SRR10530643,bulk,MDCK,in vitro,10,12hpi,extracellular,2
PB1,2036,2095,1,SRR10530643,bulk,MDCK,in vitro,10,12hpi,extracellular,2
PB1,204,2016,3,SRR10530643,bulk,MDCK,in vitro,10,12hpi,extracellular,2
PB1,204,2088,1,SRR10530643,bulk,MDCK,in vitro,10,12hpi,extracellular,2
PB1,205,2129,2,SRR10530643,bulk,MDCK,in vitro,10,12hpi,extracellular,2
PB1,206,2127,1,SRR10530643,bulk,MDCK,in vitro,10,12hpi,extracellular,2
PB1,2070,2095,1,SRR10530643,bulk,MDCK,in vitro,10,12hpi,extracellular,2
PB1,2070,2129,1,SRR10530643,bulk,MDCK,in vitro,10,12hpi,extracellular,2
PB1,2070,2165,1,SRR10530643,bulk,MDCK,in vitro,10,12hpi,extracellular,2
PB1,2073,2107,1,SRR10530643,bulk,MDCK,in vitro,10,12hpi,extracellular,2
PB1,207,2109,1,SRR10530643,bulk,MDCK,in vitro,10,12hpi,extracellular,2
PB1,2109,2132,1,SRR10530643,bulk,MDCK,in vitro,10,12hpi,extracellular,2
PB1,2128,2230,1,SRR10530643,bulk,MDCK,in vitro,10,12hpi,extracellular,2
PB1,212,1956,1,SRR10530643,bulk,MDCK,in vitro,10,12hpi,extracellular,2
PB1,213,1957,4,SRR10530643,bulk,MDCK,in vitro,10,12hpi,extracellular,2
PB1,213,1988,1,SRR10530643,bulk,MDCK,in vitro,10,12hpi,extracellular,2
PB1,213,2110,1,SRR10530643,bulk,MDCK,in vitro,10,12hpi,extracellular,2
PB1,213,280,1,SRR10530643,bulk,MDCK,in vitro,10,12hpi,extracellular,2
PB1,214,1971,1,SRR10530643,bulk,MDCK,in vitro,10,12hpi,extracellular,2
PB1,214,2148,1,SRR10530643,bulk,MDCK,in vitro,10,12hpi,extracellular,2
PB1,215,2038,1,SRR10530643,bulk,MDCK,in vitro,10,12hpi,extracellular,2
PB1,215,2053,1,SRR10530643,bulk,MDCK,in vitro,10,12hpi,extracellular,2
PB1,215,2093,1,SRR10530643,bulk,MDCK,in vitro,10,12hpi,extracellular,2
PB1,223,1954,1,SRR10530643,bulk,MDCK,in vitro,10,12hpi,extracellular,2
PB1,223,1988,2,SRR10530643,bulk,MDCK,in vitro,10,12hpi,extracellular,2
PB1,223,2014,1,SRR10530643,bulk,MDCK,in vitro,10,12hpi,extracellular,2
PB1,223,2071,1,SRR10530643,bulk,MDCK,in vitro,10,12hpi,extracellular,2
PB1,229,2054,1,SRR10530643,bulk,MDCK,in vitro,10,12hpi,extracellular,2
PB1,237,1343,1,SRR10530643,bulk,MDCK,in vitro,10,12hpi,extracellular,2
PB1,244,2107,3,SRR10530643,bulk,MDCK,in vitro,10,12hpi,extracellular,2
PB1,255,1472,1,SRR10530643,bulk,MDCK,in vitro,10,12hpi,extracellular,2
PB1,256,1969,3,SRR10530643,bulk,MDCK,in vitro,10,12hpi,extracellular,2
PB1,258,2158,1,SRR10530643,bulk,MDCK,in vitro,10,12hpi,extracellular,2
PB1,25,1750,1,SRR10530643,bulk,MDCK,in vitro,10,12hpi,extracellular,2
PB1,25,2005,1,SRR10530643,bulk,MDCK,in vitro,10,12hpi,extracellular,2
PB1,25,2011,1,SRR10530643,bulk,MDCK,in vitro,10,12hpi,extracellular,2
PB1,25,2116,1,SRR10530643,bulk,MDCK,in vitro,10,12hpi,extracellular,2
PB1,25,2192,2,SRR10530643,bulk,MDCK,in vitro,10,12hpi,extracellular,2
PB1,260,2079,1,SRR10530643,bulk,MDCK,in vitro,10,12hpi,extracellular,2
PB1,261,2054,3,SRR10530643,bulk,MDCK,in vitro,10,12hpi,extracellular,2
PB1,261,2071,2,SRR10530643,bulk,MDCK,in vitro,10,12hpi,extracellular,2
PB1,26,1499,1,SRR10530643,bulk,MDCK,in vitro,10,12hpi,extracellular,2
PB1,26,1940,1,SRR10530643,bulk,MDCK,in vitro,10,12hpi,extracellular,2
PB1,26,2053,1,SRR10530643,bulk,MDCK,in vitro,10,12hpi,extracellular,2
PB1,26,78,1,SRR10530643,bulk,MDCK,in vitro,10,12hpi,extracellular,2
PB1,271,1997,1,SRR10530643,bulk,MDCK,in vitro,10,12hpi,extracellular,2
PB1,272,2060,1,SRR10530643,bulk,MDCK,in vitro,10,12hpi,extracellular,2
PB1,274,1872,1,SRR10530643,bulk,MDCK,in vitro,10,12hpi,extracellular,2
PB1,275,1779,1,SRR10530643,bulk,MDCK,in vitro,10,12hpi,extracellular,2
PB1,279,1897,1,SRR10530643,bulk,MDCK,in vitro,10,12hpi,extracellular,2
PB1,281,1959,1,SRR10530643,bulk,MDCK,in vitro,10,12hpi,extracellular,2
PB1,281,2056,2,SRR10530643,bulk,MDCK,in vitro,10,12hpi,extracellular,2
PB1,282,1999,1,SRR10530643,bulk,MDCK,in vitro,10,12hpi,extracellular,2
PB1,283,1838,2,SRR10530643,bulk,MDCK,in vitro,10,12hpi,extracellular,2
PB1,284,1899,1,SRR10530643,bulk,MDCK,in vitro,10,12hpi,extracellular,2
PB1,284,1973,1,SRR10530643,bulk,MDCK,in vitro,10,12hpi,extracellular,2
PB1,286,1973,2,SRR10530643,bulk,MDCK,in vitro,10,12hpi,extracellular,2
PB1,288,1839,1,SRR10530643,bulk,MDCK,in vitro,10,12hpi,extracellular,2
PB1,288,1906,1,SRR10530643,bulk,MDCK,in vitro,10,12hpi,extracellular,2
PB1,288,1929,1,SRR10530643,bulk,MDCK,in vitro,10,12hpi,extracellular,2
PB1,288,1949,1,SRR10530643,bulk,MDCK,in vitro,10,12hpi,extracellular,2
PB1,288,2071,2,SRR10530643,bulk,MDCK,in vitro,10,12hpi,extracellular,2
PB1,288,376,1,SRR10530643,bulk,MDCK,in vitro,10,12hpi,extracellular,2
PB1,289,1822,1,SRR10530643,bulk,MDCK,in vitro,10,12hpi,extracellular,2
PB1,289,1898,1,SRR10530643,bulk,MDCK,in vitro,10,12hpi,extracellular,2
PB1,290,2112,1,SRR10530643,bulk,MDCK,in vitro,10,12hpi,extracellular,2
PB1,294,1859,1,SRR10530643,bulk,MDCK,in vitro,10,12hpi,extracellular,2
PB1,297,2041,1,SRR10530643,bulk,MDCK,in vitro,10,12hpi,extracellular,2
PB1,297,347,1,SRR10530643,bulk,MDCK,in vitro,10,12hpi,extracellular,2
PB1,298,2030,1,SRR10530643,bulk,MDCK,in vitro,10,12hpi,extracellular,2
PB1,300,1899,2,SRR10530643,bulk,MDCK,in vitro,10,12hpi,extracellular,2
PB1,300,1952,1,SRR10530643,bulk,MDCK,in vitro,10,12hpi,extracellular,2
PB1,300,2109,2,SRR10530643,bulk,MDCK,in vitro,10,12hpi,extracellular,2
PB1,303,1883,1,SRR10530643,bulk,MDCK,in vitro,10,12hpi,extracellular,2
PB1,303,1896,1,SRR10530643,bulk,MDCK,in vitro,10,12hpi,extracellular,2
PB1,303,1953,2,SRR10530643,bulk,MDCK,in vitro,10,12hpi,extracellular,2
PB1,304,1878,1,SRR10530643,bulk,MDCK,in vitro,10,12hpi,extracellular,2
PB1,304,1936,1,SRR10530643,bulk,MDCK,in vitro,10,12hpi,extracellular,2
PB1,306,1916,4,SRR10530643,bulk,MDCK,in vitro,10,12hpi,extracellular,2
PB1,308,1959,2,SRR10530643,bulk,MDCK,in vitro,10,12hpi,extracellular,2
PB1,309,1860,5,SRR10530643,bulk,MDCK,in vitro,10,12hpi,extracellular,2
PB1,310,1844,3,SRR10530643,bulk,MDCK,in vitro,10,12hpi,extracellular,2
PB1,310,1888,1,SRR10530643,bulk,MDCK,in vitro,10,12hpi,extracellular,2
PB1,311,1826,2,SRR10530643,bulk,MDCK,in vitro,10,12hpi,extracellular,2
PB1,316,1857,1,SRR10530643,bulk,MDCK,in vitro,10,12hpi,extracellular,2
PB1,318,1932,2,SRR10530643,bulk,MDCK,in vitro,10,12hpi,extracellular,2
PB1,320,2032,3,SRR10530643,bulk,MDCK,in vitro,10,12hpi,extracellular,2
PB1,321,2080,2,SRR10530643,bulk,MDCK,in vitro,10,12hpi,extracellular,2
PB1,324,2019,1,SRR10530643,bulk,MDCK,in vitro,10,12hpi,extracellular,2
PB1,325,1924,1,SRR10530643,bulk,MDCK,in vitro,10,12hpi,extracellular,2
PB1,326,1981,1,SRR10530643,bulk,MDCK,in vitro,10,12hpi,extracellular,2
PB1,326,2007,1,SRR10530643,bulk,MDCK,in vitro,10,12hpi,extracellular,2
PB1,328,1821,1,SRR10530643,bulk,MDCK,in vitro,10,12hpi,extracellular,2
PB1,328,1914,1,SRR10530643,bulk,MDCK,in vitro,10,12hpi,extracellular,2
PB1,328,2127,1,SRR10530643,bulk,MDCK,in vitro,10,12hpi,extracellular,2
PB1,329,1898,1,SRR10530643,bulk,MDCK,in vitro,10,12hpi,extracellular,2
PB1,329,1989,1,SRR10530643,bulk,MDCK,in vitro,10,12hpi,extracellular,2
PB1,333,2031,2,SRR10530643,bulk,MDCK,in vitro,10,12hpi,extracellular,2
PB1,334,1935,1,SRR10530643,bulk,MDCK,in vitro,10,12hpi,extracellular,2
PB1,336,1876,1,SRR10530643,bulk,MDCK,in vitro,10,12hpi,extracellular,2
PB1,338,1875,3,SRR10530643,bulk,MDCK,in vitro,10,12hpi,extracellular,2
PB1,338,1876,1,SRR10530643,bulk,MDCK,in vitro,10,12hpi,extracellular,2
PB1,338,1897,1,SRR10530643,bulk,MDCK,in vitro,10,12hpi,extracellular,2
PB1,338,1978,1,SRR10530643,bulk,MDCK,in vitro,10,12hpi,extracellular,2
PB1,338,2061,1,SRR10530643,bulk,MDCK,in vitro,10,12hpi,extracellular,2
PB1,339,2164,1,SRR10530643,bulk,MDCK,in vitro,10,12hpi,extracellular,2
PB1,340,1919,1,SRR10530643,bulk,MDCK,in vitro,10,12hpi,extracellular,2
PB1,344,1880,2,SRR10530643,bulk,MDCK,in vitro,10,12hpi,extracellular,2
PB1,344,1909,1,SRR10530643,bulk,MDCK,in vitro,10,12hpi,extracellular,2
PB1,345,1895,1,SRR10530643,bulk,MDCK,in vitro,10,12hpi,extracellular,2
PB1,346,1906,1,SRR10530643,bulk,MDCK,in vitro,10,12hpi,extracellular,2
PB1,346,1968,1,SRR10530643,bulk,MDCK,in vitro,10,12hpi,extracellular,2
PB1,346,2011,1,SRR10530643,bulk,MDCK,in vitro,10,12hpi,extracellular,2
PB1,346,2014,1,SRR10530643,bulk,MDCK,in vitro,10,12hpi,extracellular,2
PB1,346,2054,1,SRR10530643,bulk,MDCK,in vitro,10,12hpi,extracellular,2
PB1,347,1690,1,SRR10530643,bulk,MDCK,in vitro,10,12hpi,extracellular,2
PB1,347,1989,1,SRR10530643,bulk,MDCK,in vitro,10,12hpi,extracellular,2
PB1,347,1996,1,SRR10530643,bulk,MDCK,in vitro,10,12hpi,extracellular,2
PB1,348,1874,1,SRR10530643,bulk,MDCK,in vitro,10,12hpi,extracellular,2
PB1,349,1891,2,SRR10530643,bulk,MDCK,in vitro,10,12hpi,extracellular,2
PB1,349,1912,2,SRR10530643,bulk,MDCK,in vitro,10,12hpi,extracellular,2
PB1,351,1897,1,SRR10530643,bulk,MDCK,in vitro,10,12hpi,extracellular,2
PB1,353,1925,1,SRR10530643,bulk,MDCK,in vitro,10,12hpi,extracellular,2
PB1,353,1964,1,SRR10530643,bulk,MDCK,in vitro,10,12hpi,extracellular,2
PB1,353,1970,1,SRR10530643,bulk,MDCK,in vitro,10,12hpi,extracellular,2
PB1,354,1824,1,SRR10530643,bulk,MDCK,in vitro,10,12hpi,extracellular,2
PB1,357,1899,1,SRR10530643,bulk,MDCK,in vitro,10,12hpi,extracellular,2
PB1,357,1957,1,SRR10530643,bulk,MDCK,in vitro,10,12hpi,extracellular,2
PB1,359,1453,1,SRR10530643,bulk,MDCK,in vitro,10,12hpi,extracellular,2
PB1,360,1776,2,SRR10530643,bulk,MDCK,in vitro,10,12hpi,extracellular,2
PB1,369,1830,1,SRR10530643,bulk,MDCK,in vitro,10,12hpi,extracellular,2
PB1,372,1950,1,SRR10530643,bulk,MDCK,in vitro,10,12hpi,extracellular,2
PB1,372,2063,1,SRR10530643,bulk,MDCK,in vitro,10,12hpi,extracellular,2
PB1,373,1832,1,SRR10530643,bulk,MDCK,in vitro,10,12hpi,extracellular,2
PB1,374,1897,1,SRR10530643,bulk,MDCK,in vitro,10,12hpi,extracellular,2
PB1,374,2005,1,SRR10530643,bulk,MDCK,in vitro,10,12hpi,extracellular,2
PB1,375,1858,4,SRR10530643,bulk,MDCK,in vitro,10,12hpi,extracellular,2
PB1,375,1897,1,SRR10530643,bulk,MDCK,in vitro,10,12hpi,extracellular,2
PB1,375,1915,1,SRR10530643,bulk,MDCK,in vitro,10,12hpi,extracellular,2
PB1,378,1823,1,SRR10530643,bulk,MDCK,in vitro,10,12hpi,extracellular,2
PB1,381,1884,1,SRR10530643,bulk,MDCK,in vitro,10,12hpi,extracellular,2
PB1,381,1901,1,SRR10530643,bulk,MDCK,in vitro,10,12hpi,extracellular,2
PB1,381,451,1,SRR10530643,bulk,MDCK,in vitro,10,12hpi,extracellular,2
PB1,383,1831,1,SRR10530643,bulk,MDCK,in vitro,10,12hpi,extracellular,2
PB1,386,1902,1,SRR10530643,bulk,MDCK,in vitro,10,12hpi,extracellular,2
PB1,391,1905,1,SRR10530643,bulk,MDCK,in vitro,10,12hpi,extracellular,2
PB1,393,1949,1,SRR10530643,bulk,MDCK,in vitro,10,12hpi,extracellular,2
PB1,395,1829,1,SRR10530643,bulk,MDCK,in vitro,10,12hpi,extracellular,2
PB1,404,2110,1,SRR10530643,bulk,MDCK,in vitro,10,12hpi,extracellular,2
PB1,406,1848,1,SRR10530643,bulk,MDCK,in vitro,10,12hpi,extracellular,2
PB1,409,2038,1,SRR10530643,bulk,MDCK,in vitro,10,12hpi,extracellular,2
PB1,410,2038,1,SRR10530643,bulk,MDCK,in vitro,10,12hpi,extracellular,2
PB1,411,1673,2,SRR10530643,bulk,MDCK,in vitro,10,12hpi,extracellular,2
PB1,412,1947,1,SRR10530643,bulk,MDCK,in vitro,10,12hpi,extracellular,2
PB1,413,1926,1,SRR10530643,bulk,MDCK,in vitro,10,12hpi,extracellular,2
PB1,416,1981,1,SRR10530643,bulk,MDCK,in vitro,10,12hpi,extracellular,2
PB1,417,1793,4,SRR10530643,bulk,MDCK,in vitro,10,12hpi,extracellular,2
PB1,419,1914,2,SRR10530643,bulk,MDCK,in vitro,10,12hpi,extracellular,2
PB1,421,1863,1,SRR10530643,bulk,MDCK,in vitro,10,12hpi,extracellular,2
PB1,421,1936,1,SRR10530643,bulk,MDCK,in vitro,10,12hpi,extracellular,2
PB1,426,1862,1,SRR10530643,bulk,MDCK,in vitro,10,12hpi,extracellular,2
PB1,428,2063,1,SRR10530643,bulk,MDCK,in vitro,10,12hpi,extracellular,2
PB1,429,1719,1,SRR10530643,bulk,MDCK,in vitro,10,12hpi,extracellular,2
PB1,430,1906,1,SRR10530643,bulk,MDCK,in vitro,10,12hpi,extracellular,2
PB1,431,1833,1,SRR10530643,bulk,MDCK,in vitro,10,12hpi,extracellular,2
PB1,431,1934,1,SRR10530643,bulk,MDCK,in vitro,10,12hpi,extracellular,2
PB1,434,1978,1,SRR10530643,bulk,MDCK,in vitro,10,12hpi,extracellular,2
PB1,450,1876,1,SRR10530643,bulk,MDCK,in vitro,10,12hpi,extracellular,2
PB1,450,1901,1,SRR10530643,bulk,MDCK,in vitro,10,12hpi,extracellular,2
PB1,462,1751,1,SRR10530643,bulk,MDCK,in vitro,10,12hpi,extracellular,2
PB1,465,1723,1,SRR10530643,bulk,MDCK,in vitro,10,12hpi,extracellular,2
PB1,475,1725,1,SRR10530643,bulk,MDCK,in vitro,10,12hpi,extracellular,2
PB1,480,1950,1,SRR10530643,bulk,MDCK,in vitro,10,12hpi,extracellular,2
PB1,500,1716,2,SRR10530643,bulk,MDCK,in vitro,10,12hpi,extracellular,2
PB1,523,1695,3,SRR10530643,bulk,MDCK,in vitro,10,12hpi,extracellular,2
PB1,524,1629,1,SRR10530643,bulk,MDCK,in vitro,10,12hpi,extracellular,2
PB1,525,1761,1,SRR10530643,bulk,MDCK,in vitro,10,12hpi,extracellular,2
PB1,526,1744,3,SRR10530643,bulk,MDCK,in vitro,10,12hpi,extracellular,2
PB1,526,1884,1,SRR10530643,bulk,MDCK,in vitro,10,12hpi,extracellular,2
PB1,527,1754,1,SRR10530643,bulk,MDCK,in vitro,10,12hpi,extracellular,2
PB1,536,1735,1,SRR10530643,bulk,MDCK,in vitro,10,12hpi,extracellular,2
PB1,537,1877,1,SRR10530643,bulk,MDCK,in vitro,10,12hpi,extracellular,2
PB1,538,1557,1,SRR10530643,bulk,MDCK,in vitro,10,12hpi,extracellular,2
PB1,53,2200,1,SRR10530643,bulk,MDCK,in vitro,10,12hpi,extracellular,2
PB1,548,1947,1,SRR10530643,bulk,MDCK,in vitro,10,12hpi,extracellular,2
PB1,558,1736,1,SRR10530643,bulk,MDCK,in vitro,10,12hpi,extracellular,2
PB1,559,1930,1,SRR10530643,bulk,MDCK,in vitro,10,12hpi,extracellular,2
PB1,560,1782,1,SRR10530643,bulk,MDCK,in vitro,10,12hpi,extracellular,2
PB1,560,1820,1,SRR10530643,bulk,MDCK,in vitro,10,12hpi,extracellular,2
PB1,563,1899,3,SRR10530643,bulk,MDCK,in vitro,10,12hpi,extracellular,2
PB1,568,2030,1,SRR10530643,bulk,MDCK,in vitro,10,12hpi,extracellular,2
PB1,574,1667,1,SRR10530643,bulk,MDCK,in vitro,10,12hpi,extracellular,2
PB1,574,1837,1,SRR10530643,bulk,MDCK,in vitro,10,12hpi,extracellular,2
PB1,575,1607,1,SRR10530643,bulk,MDCK,in vitro,10,12hpi,extracellular,2
PB1,575,1829,1,SRR10530643,bulk,MDCK,in vitro,10,12hpi,extracellular,2
PB1,578,2018,1,SRR10530643,bulk,MDCK,in vitro,10,12hpi,extracellular,2
PB1,587,1782,1,SRR10530643,bulk,MDCK,in vitro,10,12hpi,extracellular,2
PB1,591,1753,3,SRR10530643,bulk,MDCK,in vitro,10,12hpi,extracellular,2
PB1,598,1628,1,SRR10530643,bulk,MDCK,in vitro,10,12hpi,extracellular,2
PB1,604,1686,1,SRR10530643,bulk,MDCK,in vitro,10,12hpi,extracellular,2
PB1,617,1714,1,SRR10530643,bulk,MDCK,in vitro,10,12hpi,extracellular,2
PB1,620,1688,1,SRR10530643,bulk,MDCK,in vitro,10,12hpi,extracellular,2
PB1,622,2015,1,SRR10530643,bulk,MDCK,in vitro,10,12hpi,extracellular,2
PB1,623,1687,1,SRR10530643,bulk,MDCK,in vitro,10,12hpi,extracellular,2
PB1,643,1729,2,SRR10530643,bulk,MDCK,in vitro,10,12hpi,extracellular,2
PB1,643,1744,1,SRR10530643,bulk,MDCK,in vitro,10,12hpi,extracellular,2
PB1,674,1682,1,SRR10530643,bulk,MDCK,in vitro,10,12hpi,extracellular,2
PB1,675,1522,1,SRR10530643,bulk,MDCK,in vitro,10,12hpi,extracellular,2
PB1,678,1521,1,SRR10530643,bulk,MDCK,in vitro,10,12hpi,extracellular,2
PB1,680,1658,1,SRR10530643,bulk,MDCK,in vitro,10,12hpi,extracellular,2
PB1,681,1666,1,SRR10530643,bulk,MDCK,in vitro,10,12hpi,extracellular,2
PB1,68,116,1,SRR10530643,bulk,MDCK,in vitro,10,12hpi,extracellular,2
PB1,68,2110,1,SRR10530643,bulk,MDCK,in vitro,10,12hpi,extracellular,2
PB1,68,96,1,SRR10530643,bulk,MDCK,in vitro,10,12hpi,extracellular,2
PB1,696,1610,2,SRR10530643,bulk,MDCK,in vitro,10,12hpi,extracellular,2
PB1,700,1598,1,SRR10530643,bulk,MDCK,in vitro,10,12hpi,extracellular,2
PB1,700,2085,1,SRR10530643,bulk,MDCK,in vitro,10,12hpi,extracellular,2
PB1,718,1571,1,SRR10530643,bulk,MDCK,in vitro,10,12hpi,extracellular,2
PB1,720,1596,1,SRR10530643,bulk,MDCK,in vitro,10,12hpi,extracellular,2
PB1,726,1565,1,SRR10530643,bulk,MDCK,in vitro,10,12hpi,extracellular,2
PB1,735,1557,1,SRR10530643,bulk,MDCK,in vitro,10,12hpi,extracellular,2
PB1,781,1989,1,SRR10530643,bulk,MDCK,in vitro,10,12hpi,extracellular,2
PB1,788,1539,1,SRR10530643,bulk,MDCK,in vitro,10,12hpi,extracellular,2
PB1,795,1521,1,SRR10530643,bulk,MDCK,in vitro,10,12hpi,extracellular,2
PB1,836,1491,1,SRR10530643,bulk,MDCK,in vitro,10,12hpi,extracellular,2
PB1,839,1357,1,SRR10530643,bulk,MDCK,in vitro,10,12hpi,extracellular,2
PB1,85,2148,1,SRR10530643,bulk,MDCK,in vitro,10,12hpi,extracellular,2
PB1,880,1358,1,SRR10530643,bulk,MDCK,in vitro,10,12hpi,extracellular,2
PB1,895,1961,1,SRR10530643,bulk,MDCK,in vitro,10,12hpi,extracellular,2
PB1,946,1522,1,SRR10530643,bulk,MDCK,in vitro,10,12hpi,extracellular,2
PB1,95,2035,2,SRR10530643,bulk,MDCK,in vitro,10,12hpi,extracellular,2
PB1,999,1267,1,SRR10530643,bulk,MDCK,in vitro,10,12hpi,extracellular,2
PA,1013,1087,1,SRR10530643,bulk,MDCK,in vitro,10,12hpi,extracellular,2
PA,1035,1832,1,SRR10530643,bulk,MDCK,in vitro,10,12hpi,extracellular,2
PA,120,143,1,SRR10530643,bulk,MDCK,in vitro,10,12hpi,extracellular,2
PA,120,1852,1,SRR10530643,bulk,MDCK,in vitro,10,12hpi,extracellular,2
PA,120,1974,1,SRR10530643,bulk,MDCK,in vitro,10,12hpi,extracellular,2
PA,121,2074,1,SRR10530643,bulk,MDCK,in vitro,10,12hpi,extracellular,2
PA,122,1960,1,SRR10530643,bulk,MDCK,in vitro,10,12hpi,extracellular,2
PA,123,148,1,SRR10530643,bulk,MDCK,in vitro,10,12hpi,extracellular,2
PA,123,1942,1,SRR10530643,bulk,MDCK,in vitro,10,12hpi,extracellular,2
PA,123,2074,1,SRR10530643,bulk,MDCK,in vitro,10,12hpi,extracellular,2
PA,124,172,1,SRR10530643,bulk,MDCK,in vitro,10,12hpi,extracellular,2
PA,138,172,1,SRR10530643,bulk,MDCK,in vitro,10,12hpi,extracellular,2
PA,138,1948,1,SRR10530643,bulk,MDCK,in vitro,10,12hpi,extracellular,2
PA,138,1990,1,SRR10530643,bulk,MDCK,in vitro,10,12hpi,extracellular,2
PA,139,1478,1,SRR10530643,bulk,MDCK,in vitro,10,12hpi,extracellular,2
PA,139,1946,1,SRR10530643,bulk,MDCK,in vitro,10,12hpi,extracellular,2
PA,140,2087,1,SRR10530643,bulk,MDCK,in vitro,10,12hpi,extracellular,2
PA,142,1967,1,SRR10530643,bulk,MDCK,in vitro,10,12hpi,extracellular,2
PA,144,1923,1,SRR10530643,bulk,MDCK,in vitro,10,12hpi,extracellular,2
PA,144,1970,2,SRR10530643,bulk,MDCK,in vitro,10,12hpi,extracellular,2
PA,146,1726,1,SRR10530643,bulk,MDCK,in vitro,10,12hpi,extracellular,2
PA,146,185,1,SRR10530643,bulk,MDCK,in vitro,10,12hpi,extracellular,2
PA,146,1974,4,SRR10530643,bulk,MDCK,in vitro,10,12hpi,extracellular,2
PA,146,2011,1,SRR10530643,bulk,MDCK,in vitro,10,12hpi,extracellular,2
PA,148,1840,1,SRR10530643,bulk,MDCK,in vitro,10,12hpi,extracellular,2
PA,150,1860,3,SRR10530643,bulk,MDCK,in vitro,10,12hpi,extracellular,2
PA,153,2041,1,SRR10530643,bulk,MDCK,in vitro,10,12hpi,extracellular,2
PA,156,188,1,SRR10530643,bulk,MDCK,in vitro,10,12hpi,extracellular,2
PA,156,1990,1,SRR10530643,bulk,MDCK,in vitro,10,12hpi,extracellular,2
PA,157,1979,1,SRR10530643,bulk,MDCK,in vitro,10,12hpi,extracellular,2
PA,160,1950,4,SRR10530643,bulk,MDCK,in vitro,10,12hpi,extracellular,2
PA,160,1953,2,SRR10530643,bulk,MDCK,in vitro,10,12hpi,extracellular,2
PA,164,1946,1,SRR10530643,bulk,MDCK,in vitro,10,12hpi,extracellular,2
PA,165,1976,3,SRR10530643,bulk,MDCK,in vitro,10,12hpi,extracellular,2
PA,166,1830,1,SRR10530643,bulk,MDCK,in vitro,10,12hpi,extracellular,2
PA,167,1990,1,SRR10530643,bulk,MDCK,in vitro,10,12hpi,extracellular,2
PA,167,2011,1,SRR10530643,bulk,MDCK,in vitro,10,12hpi,extracellular,2
PA,167,319,1,SRR10530643,bulk,MDCK,in vitro,10,12hpi,extracellular,2
PA,169,1952,4,SRR10530643,bulk,MDCK,in vitro,10,12hpi,extracellular,2
PA,170,1969,1,SRR10530643,bulk,MDCK,in vitro,10,12hpi,extracellular,2
PA,171,1886,1,SRR10530643,bulk,MDCK,in vitro,10,12hpi,extracellular,2
PA,171,1901,1,SRR10530643,bulk,MDCK,in vitro,10,12hpi,extracellular,2
PA,171,1945,1,SRR10530643,bulk,MDCK,in vitro,10,12hpi,extracellular,2
PA,171,1964,1,SRR10530643,bulk,MDCK,in vitro,10,12hpi,extracellular,2
PA,172,1458,3,SRR10530643,bulk,MDCK,in vitro,10,12hpi,extracellular,2
PA,1744,1873,1,SRR10530643,bulk,MDCK,in vitro,10,12hpi,extracellular,2
PA,174,1847,2,SRR10530643,bulk,MDCK,in vitro,10,12hpi,extracellular,2
PA,174,2000,3,SRR10530643,bulk,MDCK,in vitro,10,12hpi,extracellular,2
PA,177,1944,1,SRR10530643,bulk,MDCK,in vitro,10,12hpi,extracellular,2
PA,177,1989,1,SRR10530643,bulk,MDCK,in vitro,10,12hpi,extracellular,2
PA,178,2038,1,SRR10530643,bulk,MDCK,in vitro,10,12hpi,extracellular,2
PA,179,1986,1,SRR10530643,bulk,MDCK,in vitro,10,12hpi,extracellular,2
PA,179,2002,1,SRR10530643,bulk,MDCK,in vitro,10,12hpi,extracellular,2
PA,179,2042,1,SRR10530643,bulk,MDCK,in vitro,10,12hpi,extracellular,2
PA,1807,1967,1,SRR10530643,bulk,MDCK,in vitro,10,12hpi,extracellular,2
PA,180,1900,3,SRR10530643,bulk,MDCK,in vitro,10,12hpi,extracellular,2
PA,180,1906,1,SRR10530643,bulk,MDCK,in vitro,10,12hpi,extracellular,2
PA,181,1631,4,SRR10530643,bulk,MDCK,in vitro,10,12hpi,extracellular,2
PA,181,1691,1,SRR10530643,bulk,MDCK,in vitro,10,12hpi,extracellular,2
PA,1824,1857,2,SRR10530643,bulk,MDCK,in vitro,10,12hpi,extracellular,2
PA,183,1856,1,SRR10530643,bulk,MDCK,in vitro,10,12hpi,extracellular,2
PA,1878,1948,1,SRR10530643,bulk,MDCK,in vitro,10,12hpi,extracellular,2
PA,1879,2028,1,SRR10530643,bulk,MDCK,in vitro,10,12hpi,extracellular,2
PA,188,1851,1,SRR10530643,bulk,MDCK,in vitro,10,12hpi,extracellular,2
PA,1896,2212,1,SRR10530643,bulk,MDCK,in vitro,10,12hpi,extracellular,2
PA,192,1957,2,SRR10530643,bulk,MDCK,in vitro,10,12hpi,extracellular,2
PA,194,1873,5,SRR10530643,bulk,MDCK,in vitro,10,12hpi,extracellular,2
PA,194,2042,1,SRR10530643,bulk,MDCK,in vitro,10,12hpi,extracellular,2
PA,195,1808,1,SRR10530643,bulk,MDCK,in vitro,10,12hpi,extracellular,2
PA,197,1954,2,SRR10530643,bulk,MDCK,in vitro,10,12hpi,extracellular,2
PA,197,1995,1,SRR10530643,bulk,MDCK,in vitro,10,12hpi,extracellular,2
PA,197,221,8,SRR10530643,bulk,MDCK,in vitro,10,12hpi,extracellular,2
PA,199,1917,1,SRR10530643,bulk,MDCK,in vitro,10,12hpi,extracellular,2
PA,2019,2054,2,SRR10530643,bulk,MDCK,in vitro,10,12hpi,extracellular,2
PA,201,1797,3,SRR10530643,bulk,MDCK,in vitro,10,12hpi,extracellular,2
PA,2026,2063,1,SRR10530643,bulk,MDCK,in vitro,10,12hpi,extracellular,2
PA,2040,2074,2,SRR10530643,bulk,MDCK,in vitro,10,12hpi,extracellular,2
PA,2044,2074,1,SRR10530643,bulk,MDCK,in vitro,10,12hpi,extracellular,2
PA,2046,2074,1,SRR10530643,bulk,MDCK,in vitro,10,12hpi,extracellular,2
PA,204,1819,4,SRR10530643,bulk,MDCK,in vitro,10,12hpi,extracellular,2
PA,207,1948,1,SRR10530643,bulk,MDCK,in vitro,10,12hpi,extracellular,2
PA,207,1990,1,SRR10530643,bulk,MDCK,in vitro,10,12hpi,extracellular,2
PA,207,2063,1,SRR10530643,bulk,MDCK,in vitro,10,12hpi,extracellular,2
PA,208,1952,1,SRR10530643,bulk,MDCK,in vitro,10,12hpi,extracellular,2
PA,2097,2172,1,SRR10530643,bulk,MDCK,in vitro,10,12hpi,extracellular,2
PA,209,1996,2,SRR10530643,bulk,MDCK,in vitro,10,12hpi,extracellular,2
PA,211,1737,1,SRR10530643,bulk,MDCK,in vitro,10,12hpi,extracellular,2
PA,212,1575,1,SRR10530643,bulk,MDCK,in vitro,10,12hpi,extracellular,2
PA,221,1890,1,SRR10530643,bulk,MDCK,in vitro,10,12hpi,extracellular,2
PA,223,1960,1,SRR10530643,bulk,MDCK,in vitro,10,12hpi,extracellular,2
PA,225,1977,3,SRR10530643,bulk,MDCK,in vitro,10,12hpi,extracellular,2
PA,228,1808,1,SRR10530643,bulk,MDCK,in vitro,10,12hpi,extracellular,2
PA,230,1724,1,SRR10530643,bulk,MDCK,in vitro,10,12hpi,extracellular,2
PA,230,2215,1,SRR10530643,bulk,MDCK,in vitro,10,12hpi,extracellular,2
PA,234,1937,1,SRR10530643,bulk,MDCK,in vitro,10,12hpi,extracellular,2
PA,238,1934,2,SRR10530643,bulk,MDCK,in vitro,10,12hpi,extracellular,2
PA,239,1970,3,SRR10530643,bulk,MDCK,in vitro,10,12hpi,extracellular,2
PA,239,1996,1,SRR10530643,bulk,MDCK,in vitro,10,12hpi,extracellular,2
PA,239,1997,1,SRR10530643,bulk,MDCK,in vitro,10,12hpi,extracellular,2
PA,242,1858,1,SRR10530643,bulk,MDCK,in vitro,10,12hpi,extracellular,2
PA,244,1707,1,SRR10530643,bulk,MDCK,in vitro,10,12hpi,extracellular,2
PA,244,1945,1,SRR10530643,bulk,MDCK,in vitro,10,12hpi,extracellular,2
PA,245,1850,1,SRR10530643,bulk,MDCK,in vitro,10,12hpi,extracellular,2
PA,245,1990,1,SRR10530643,bulk,MDCK,in vitro,10,12hpi,extracellular,2
PA,247,1724,1,SRR10530643,bulk,MDCK,in vitro,10,12hpi,extracellular,2
PA,247,1868,1,SRR10530643,bulk,MDCK,in vitro,10,12hpi,extracellular,2
PA,247,2017,1,SRR10530643,bulk,MDCK,in vitro,10,12hpi,extracellular,2
PA,249,1875,1,SRR10530643,bulk,MDCK,in vitro,10,12hpi,extracellular,2
PA,249,1959,4,SRR10530643,bulk,MDCK,in vitro,10,12hpi,extracellular,2
PA,250,1666,1,SRR10530643,bulk,MDCK,in vitro,10,12hpi,extracellular,2
PA,250,1868,1,SRR10530643,bulk,MDCK,in vitro,10,12hpi,extracellular,2
PA,250,1921,1,SRR10530643,bulk,MDCK,in vitro,10,12hpi,extracellular,2
PA,251,1857,2,SRR10530643,bulk,MDCK,in vitro,10,12hpi,extracellular,2
PA,254,1870,4,SRR10530643,bulk,MDCK,in vitro,10,12hpi,extracellular,2
PA,256,1724,3,SRR10530643,bulk,MDCK,in vitro,10,12hpi,extracellular,2
PA,257,1754,1,SRR10530643,bulk,MDCK,in vitro,10,12hpi,extracellular,2
PA,257,1880,1,SRR10530643,bulk,MDCK,in vitro,10,12hpi,extracellular,2
PA,257,2074,1,SRR10530643,bulk,MDCK,in vitro,10,12hpi,extracellular,2
PA,258,1844,1,SRR10530643,bulk,MDCK,in vitro,10,12hpi,extracellular,2
PA,258,1879,1,SRR10530643,bulk,MDCK,in vitro,10,12hpi,extracellular,2
PA,25,1542,1,SRR10530643,bulk,MDCK,in vitro,10,12hpi,extracellular,2
PA,262,1811,2,SRR10530643,bulk,MDCK,in vitro,10,12hpi,extracellular,2
PA,262,1825,2,SRR10530643,bulk,MDCK,in vitro,10,12hpi,extracellular,2
PA,263,1864,2,SRR10530643,bulk,MDCK,in vitro,10,12hpi,extracellular,2
PA,267,1854,1,SRR10530643,bulk,MDCK,in vitro,10,12hpi,extracellular,2
PA,268,1879,1,SRR10530643,bulk,MDCK,in vitro,10,12hpi,extracellular,2
PA,268,1901,1,SRR10530643,bulk,MDCK,in vitro,10,12hpi,extracellular,2
PA,268,1915,1,SRR10530643,bulk,MDCK,in vitro,10,12hpi,extracellular,2
PA,269,1930,1,SRR10530643,bulk,MDCK,in vitro,10,12hpi,extracellular,2
PA,269,320,3,SRR10530643,bulk,MDCK,in vitro,10,12hpi,extracellular,2
PA,26,1223,1,SRR10530643,bulk,MDCK,in vitro,10,12hpi,extracellular,2
PA,26,1800,1,SRR10530643,bulk,MDCK,in vitro,10,12hpi,extracellular,2
PA,272,1801,1,SRR10530643,bulk,MDCK,in vitro,10,12hpi,extracellular,2
PA,272,1893,2,SRR10530643,bulk,MDCK,in vitro,10,12hpi,extracellular,2
PA,275,1867,1,SRR10530643,bulk,MDCK,in vitro,10,12hpi,extracellular,2
PA,276,1824,1,SRR10530643,bulk,MDCK,in vitro,10,12hpi,extracellular,2
PA,277,1844,1,SRR10530643,bulk,MDCK,in vitro,10,12hpi,extracellular,2
PA,277,1869,1,SRR10530643,bulk,MDCK,in vitro,10,12hpi,extracellular,2
PA,277,1886,1,SRR10530643,bulk,MDCK,in vitro,10,12hpi,extracellular,2
PA,280,1834,1,SRR10530643,bulk,MDCK,in vitro,10,12hpi,extracellular,2
PA,280,1850,1,SRR10530643,bulk,MDCK,in vitro,10,12hpi,extracellular,2
PA,283,1853,1,SRR10530643,bulk,MDCK,in vitro,10,12hpi,extracellular,2
PA,283,2044,1,SRR10530643,bulk,MDCK,in vitro,10,12hpi,extracellular,2
PA,285,1487,1,SRR10530643,bulk,MDCK,in vitro,10,12hpi,extracellular,2
PA,285,1884,2,SRR10530643,bulk,MDCK,in vitro,10,12hpi,extracellular,2
PA,289,1813,1,SRR10530643,bulk,MDCK,in vitro,10,12hpi,extracellular,2
PA,289,1832,1,SRR10530643,bulk,MDCK,in vitro,10,12hpi,extracellular,2
PA,291,1808,1,SRR10530643,bulk,MDCK,in vitro,10,12hpi,extracellular,2
PA,293,1884,1,SRR10530643,bulk,MDCK,in vitro,10,12hpi,extracellular,2
PA,297,1844,1,SRR10530643,bulk,MDCK,in vitro,10,12hpi,extracellular,2
PA,297,343,1,SRR10530643,bulk,MDCK,in vitro,10,12hpi,extracellular,2
PA,299,1834,1,SRR10530643,bulk,MDCK,in vitro,10,12hpi,extracellular,2
PA,299,1852,1,SRR10530643,bulk,MDCK,in vitro,10,12hpi,extracellular,2
PA,299,1916,2,SRR10530643,bulk,MDCK,in vitro,10,12hpi,extracellular,2
PA,301,1797,1,SRR10530643,bulk,MDCK,in vitro,10,12hpi,extracellular,2
PA,301,1808,1,SRR10530643,bulk,MDCK,in vitro,10,12hpi,extracellular,2
PA,301,1832,1,SRR10530643,bulk,MDCK,in vitro,10,12hpi,extracellular,2
PA,301,1901,2,SRR10530643,bulk,MDCK,in vitro,10,12hpi,extracellular,2
PA,301,1951,1,SRR10530643,bulk,MDCK,in vitro,10,12hpi,extracellular,2
PA,302,1780,2,SRR10530643,bulk,MDCK,in vitro,10,12hpi,extracellular,2
PA,302,1845,1,SRR10530643,bulk,MDCK,in vitro,10,12hpi,extracellular,2
PA,303,1681,1,SRR10530643,bulk,MDCK,in vitro,10,12hpi,extracellular,2
PA,303,1695,1,SRR10530643,bulk,MDCK,in vitro,10,12hpi,extracellular,2
PA,303,2071,4,SRR10530643,bulk,MDCK,in vitro,10,12hpi,extracellular,2
PA,304,1795,1,SRR10530643,bulk,MDCK,in vitro,10,12hpi,extracellular,2
PA,313,1699,1,SRR10530643,bulk,MDCK,in vitro,10,12hpi,extracellular,2
PA,313,1854,4,SRR10530643,bulk,MDCK,in vitro,10,12hpi,extracellular,2
PA,313,1886,1,SRR10530643,bulk,MDCK,in vitro,10,12hpi,extracellular,2
PA,316,1797,1,SRR10530643,bulk,MDCK,in vitro,10,12hpi,extracellular,2
PA,317,1772,1,SRR10530643,bulk,MDCK,in vitro,10,12hpi,extracellular,2
PA,318,1879,2,SRR10530643,bulk,MDCK,in vitro,10,12hpi,extracellular,2
PA,318,2027,1,SRR10530643,bulk,MDCK,in vitro,10,12hpi,extracellular,2
PA,319,1739,1,SRR10530643,bulk,MDCK,in vitro,10,12hpi,extracellular,2
PA,329,1811,4,SRR10530643,bulk,MDCK,in vitro,10,12hpi,extracellular,2
PA,335,1746,1,SRR10530643,bulk,MDCK,in vitro,10,12hpi,extracellular,2
PA,340,2001,1,SRR10530643,bulk,MDCK,in vitro,10,12hpi,extracellular,2
PA,341,1724,4,SRR10530643,bulk,MDCK,in vitro,10,12hpi,extracellular,2
PA,342,1852,1,SRR10530643,bulk,MDCK,in vitro,10,12hpi,extracellular,2
PA,342,1873,2,SRR10530643,bulk,MDCK,in vitro,10,12hpi,extracellular,2
PA,344,1446,1,SRR10530643,bulk,MDCK,in vitro,10,12hpi,extracellular,2
PA,344,1866,1,SRR10530643,bulk,MDCK,in vitro,10,12hpi,extracellular,2
PA,344,1969,1,SRR10530643,bulk,MDCK,in vitro,10,12hpi,extracellular,2
PA,347,1832,1,SRR10530643,bulk,MDCK,in vitro,10,12hpi,extracellular,2
PA,347,1875,1,SRR10530643,bulk,MDCK,in vitro,10,12hpi,extracellular,2
PA,348,1864,1,SRR10530643,bulk,MDCK,in vitro,10,12hpi,extracellular,2
PA,349,1888,1,SRR10530643,bulk,MDCK,in vitro,10,12hpi,extracellular,2
PA,350,1807,3,SRR10530643,bulk,MDCK,in vitro,10,12hpi,extracellular,2
PA,350,1907,1,SRR10530643,bulk,MDCK,in vitro,10,12hpi,extracellular,2
PA,352,1908,15,SRR10530643,bulk,MDCK,in vitro,10,12hpi,extracellular,2
PA,353,1738,1,SRR10530643,bulk,MDCK,in vitro,10,12hpi,extracellular,2
PA,353,1789,1,SRR10530643,bulk,MDCK,in vitro,10,12hpi,extracellular,2
PA,356,1847,1,SRR10530643,bulk,MDCK,in vitro,10,12hpi,extracellular,2
PA,357,1915,1,SRR10530643,bulk,MDCK,in vitro,10,12hpi,extracellular,2
PA,359,1738,1,SRR10530643,bulk,MDCK,in vitro,10,12hpi,extracellular,2
PA,359,1745,1,SRR10530643,bulk,MDCK,in vitro,10,12hpi,extracellular,2
PA,359,383,1,SRR10530643,bulk,MDCK,in vitro,10,12hpi,extracellular,2
PA,361,1692,1,SRR10530643,bulk,MDCK,in vitro,10,12hpi,extracellular,2
PA,365,1536,1,SRR10530643,bulk,MDCK,in vitro,10,12hpi,extracellular,2
PA,365,1765,3,SRR10530643,bulk,MDCK,in vitro,10,12hpi,extracellular,2
PA,366,1742,2,SRR10530643,bulk,MDCK,in vitro,10,12hpi,extracellular,2
PA,366,1912,1,SRR10530643,bulk,MDCK,in vitro,10,12hpi,extracellular,2
PA,367,2065,1,SRR10530643,bulk,MDCK,in vitro,10,12hpi,extracellular,2
PA,368,1724,3,SRR10530643,bulk,MDCK,in vitro,10,12hpi,extracellular,2
PA,368,1727,1,SRR10530643,bulk,MDCK,in vitro,10,12hpi,extracellular,2
PA,368,1737,1,SRR10530643,bulk,MDCK,in vitro,10,12hpi,extracellular,2
PA,368,1939,1,SRR10530643,bulk,MDCK,in vitro,10,12hpi,extracellular,2
PA,369,1743,1,SRR10530643,bulk,MDCK,in vitro,10,12hpi,extracellular,2
PA,370,1745,2,SRR10530643,bulk,MDCK,in vitro,10,12hpi,extracellular,2
PA,373,1784,4,SRR10530643,bulk,MDCK,in vitro,10,12hpi,extracellular,2
PA,375,1969,1,SRR10530643,bulk,MDCK,in vitro,10,12hpi,extracellular,2
PA,376,1850,1,SRR10530643,bulk,MDCK,in vitro,10,12hpi,extracellular,2
PA,376,1964,1,SRR10530643,bulk,MDCK,in vitro,10,12hpi,extracellular,2
PA,377,1752,1,SRR10530643,bulk,MDCK,in vitro,10,12hpi,extracellular,2
PA,378,1555,1,SRR10530643,bulk,MDCK,in vitro,10,12hpi,extracellular,2
PA,381,1474,1,SRR10530643,bulk,MDCK,in vitro,10,12hpi,extracellular,2
PA,382,1745,1,SRR10530643,bulk,MDCK,in vitro,10,12hpi,extracellular,2
PA,384,1744,1,SRR10530643,bulk,MDCK,in vitro,10,12hpi,extracellular,2
PA,384,416,1,SRR10530643,bulk,MDCK,in vitro,10,12hpi,extracellular,2
PA,389,1598,1,SRR10530643,bulk,MDCK,in vitro,10,12hpi,extracellular,2
PA,394,1727,1,SRR10530643,bulk,MDCK,in vitro,10,12hpi,extracellular,2
PA,394,1728,3,SRR10530643,bulk,MDCK,in vitro,10,12hpi,extracellular,2
PA,399,1665,1,SRR10530643,bulk,MDCK,in vitro,10,12hpi,extracellular,2
PA,401,1785,1,SRR10530643,bulk,MDCK,in vitro,10,12hpi,extracellular,2
PA,403,1831,1,SRR10530643,bulk,MDCK,in vitro,10,12hpi,extracellular,2
PA,406,1920,2,SRR10530643,bulk,MDCK,in vitro,10,12hpi,extracellular,2
PA,407,1706,1,SRR10530643,bulk,MDCK,in vitro,10,12hpi,extracellular,2
PA,407,1745,2,SRR10530643,bulk,MDCK,in vitro,10,12hpi,extracellular,2
PA,407,2027,1,SRR10530643,bulk,MDCK,in vitro,10,12hpi,extracellular,2
PA,408,1697,1,SRR10530643,bulk,MDCK,in vitro,10,12hpi,extracellular,2
PA,408,1707,1,SRR10530643,bulk,MDCK,in vitro,10,12hpi,extracellular,2
PA,409,1692,1,SRR10530643,bulk,MDCK,in vitro,10,12hpi,extracellular,2
PA,409,1739,1,SRR10530643,bulk,MDCK,in vitro,10,12hpi,extracellular,2
PA,410,1772,1,SRR10530643,bulk,MDCK,in vitro,10,12hpi,extracellular,2
PA,411,1838,1,SRR10530643,bulk,MDCK,in vitro,10,12hpi,extracellular,2
PA,412,1880,1,SRR10530643,bulk,MDCK,in vitro,10,12hpi,extracellular,2
PA,413,1667,1,SRR10530643,bulk,MDCK,in vitro,10,12hpi,extracellular,2
PA,413,1716,1,SRR10530643,bulk,MDCK,in vitro,10,12hpi,extracellular,2
PA,413,1745,3,SRR10530643,bulk,MDCK,in vitro,10,12hpi,extracellular,2
PA,413,1836,1,SRR10530643,bulk,MDCK,in vitro,10,12hpi,extracellular,2
PA,413,1844,1,SRR10530643,bulk,MDCK,in vitro,10,12hpi,extracellular,2
PA,422,1690,1,SRR10530643,bulk,MDCK,in vitro,10,12hpi,extracellular,2
PA,423,1735,1,SRR10530643,bulk,MDCK,in vitro,10,12hpi,extracellular,2
PA,423,1953,1,SRR10530643,bulk,MDCK,in vitro,10,12hpi,extracellular,2
PA,424,1692,5,SRR10530643,bulk,MDCK,in vitro,10,12hpi,extracellular,2
PA,428,1719,1,SRR10530643,bulk,MDCK,in vitro,10,12hpi,extracellular,2
PA,428,1720,1,SRR10530643,bulk,MDCK,in vitro,10,12hpi,extracellular,2
PA,430,1780,1,SRR10530643,bulk,MDCK,in vitro,10,12hpi,extracellular,2
PA,432,1823,1,SRR10530643,bulk,MDCK,in vitro,10,12hpi,extracellular,2
PA,442,1715,1,SRR10530643,bulk,MDCK,in vitro,10,12hpi,extracellular,2
PA,444,1613,1,SRR10530643,bulk,MDCK,in vitro,10,12hpi,extracellular,2
PA,444,1706,1,SRR10530643,bulk,MDCK,in vitro,10,12hpi,extracellular,2
PA,445,1706,3,SRR10530643,bulk,MDCK,in vitro,10,12hpi,extracellular,2
PA,446,1738,1,SRR10530643,bulk,MDCK,in vitro,10,12hpi,extracellular,2
PA,448,1570,1,SRR10530643,bulk,MDCK,in vitro,10,12hpi,extracellular,2
PA,448,1801,2,SRR10530643,bulk,MDCK,in vitro,10,12hpi,extracellular,2
PA,449,1724,1,SRR10530643,bulk,MDCK,in vitro,10,12hpi,extracellular,2
PA,451,1728,3,SRR10530643,bulk,MDCK,in vitro,10,12hpi,extracellular,2
PA,451,1745,1,SRR10530643,bulk,MDCK,in vitro,10,12hpi,extracellular,2
PA,451,1825,1,SRR10530643,bulk,MDCK,in vitro,10,12hpi,extracellular,2
PA,453,1808,1,SRR10530643,bulk,MDCK,in vitro,10,12hpi,extracellular,2
PA,454,2019,1,SRR10530643,bulk,MDCK,in vitro,10,12hpi,extracellular,2
PA,455,1459,2,SRR10530643,bulk,MDCK,in vitro,10,12hpi,extracellular,2
PA,457,1691,4,SRR10530643,bulk,MDCK,in vitro,10,12hpi,extracellular,2
PA,459,1737,1,SRR10530643,bulk,MDCK,in vitro,10,12hpi,extracellular,2
PA,461,1737,1,SRR10530643,bulk,MDCK,in vitro,10,12hpi,extracellular,2
PA,463,1631,1,SRR10530643,bulk,MDCK,in vitro,10,12hpi,extracellular,2
PA,464,1605,1,SRR10530643,bulk,MDCK,in vitro,10,12hpi,extracellular,2
PA,464,1784,1,SRR10530643,bulk,MDCK,in vitro,10,12hpi,extracellular,2
PA,465,1691,1,SRR10530643,bulk,MDCK,in vitro,10,12hpi,extracellular,2
PA,465,1744,3,SRR10530643,bulk,MDCK,in vitro,10,12hpi,extracellular,2
PA,468,1568,1,SRR10530643,bulk,MDCK,in vitro,10,12hpi,extracellular,2
PA,472,1697,1,SRR10530643,bulk,MDCK,in vitro,10,12hpi,extracellular,2
PA,474,1825,4,SRR10530643,bulk,MDCK,in vitro,10,12hpi,extracellular,2
PA,476,1630,1,SRR10530643,bulk,MDCK,in vitro,10,12hpi,extracellular,2
PA,478,1919,2,SRR10530643,bulk,MDCK,in vitro,10,12hpi,extracellular,2
PA,480,1571,1,SRR10530643,bulk,MDCK,in vitro,10,12hpi,extracellular,2
PA,480,1637,1,SRR10530643,bulk,MDCK,in vitro,10,12hpi,extracellular,2
PA,480,1691,1,SRR10530643,bulk,MDCK,in vitro,10,12hpi,extracellular,2
PA,483,1760,3,SRR10530643,bulk,MDCK,in vitro,10,12hpi,extracellular,2
PA,488,1458,1,SRR10530643,bulk,MDCK,in vitro,10,12hpi,extracellular,2
PA,488,1800,1,SRR10530643,bulk,MDCK,in vitro,10,12hpi,extracellular,2
PA,497,1633,1,SRR10530643,bulk,MDCK,in vitro,10,12hpi,extracellular,2
PA,505,2074,1,SRR10530643,bulk,MDCK,in vitro,10,12hpi,extracellular,2
PA,506,1699,1,SRR10530643,bulk,MDCK,in vitro,10,12hpi,extracellular,2
PA,508,1631,1,SRR10530643,bulk,MDCK,in vitro,10,12hpi,extracellular,2
PA,508,533,1,SRR10530643,bulk,MDCK,in vitro,10,12hpi,extracellular,2
PA,510,1692,1,SRR10530643,bulk,MDCK,in vitro,10,12hpi,extracellular,2
PA,512,1709,1,SRR10530643,bulk,MDCK,in vitro,10,12hpi,extracellular,2
PA,513,1421,1,SRR10530643,bulk,MDCK,in vitro,10,12hpi,extracellular,2
PA,515,1797,5,SRR10530643,bulk,MDCK,in vitro,10,12hpi,extracellular,2
PA,516,1602,1,SRR10530643,bulk,MDCK,in vitro,10,12hpi,extracellular,2
PA,518,1305,1,SRR10530643,bulk,MDCK,in vitro,10,12hpi,extracellular,2
PA,523,1614,1,SRR10530643,bulk,MDCK,in vitro,10,12hpi,extracellular,2
PA,530,1690,1,SRR10530643,bulk,MDCK,in vitro,10,12hpi,extracellular,2
PA,532,1951,1,SRR10530643,bulk,MDCK,in vitro,10,12hpi,extracellular,2
PA,533,1862,1,SRR10530643,bulk,MDCK,in vitro,10,12hpi,extracellular,2
PA,534,1694,1,SRR10530643,bulk,MDCK,in vitro,10,12hpi,extracellular,2
PA,539,1547,4,SRR10530643,bulk,MDCK,in vitro,10,12hpi,extracellular,2
PA,540,778,1,SRR10530643,bulk,MDCK,in vitro,10,12hpi,extracellular,2
PA,544,1568,1,SRR10530643,bulk,MDCK,in vitro,10,12hpi,extracellular,2
PA,544,1745,1,SRR10530643,bulk,MDCK,in vitro,10,12hpi,extracellular,2
PA,545,1570,1,SRR10530643,bulk,MDCK,in vitro,10,12hpi,extracellular,2
PA,547,1570,1,SRR10530643,bulk,MDCK,in vitro,10,12hpi,extracellular,2
PA,547,1573,1,SRR10530643,bulk,MDCK,in vitro,10,12hpi,extracellular,2
PA,548,1378,1,SRR10530643,bulk,MDCK,in vitro,10,12hpi,extracellular,2
PA,551,1692,1,SRR10530643,bulk,MDCK,in vitro,10,12hpi,extracellular,2
PA,554,1752,4,SRR10530643,bulk,MDCK,in vitro,10,12hpi,extracellular,2
PA,555,1604,1,SRR10530643,bulk,MDCK,in vitro,10,12hpi,extracellular,2
PA,556,1876,3,SRR10530643,bulk,MDCK,in vitro,10,12hpi,extracellular,2
PA,558,1536,1,SRR10530643,bulk,MDCK,in vitro,10,12hpi,extracellular,2
PA,558,1549,1,SRR10530643,bulk,MDCK,in vitro,10,12hpi,extracellular,2
PA,559,1741,1,SRR10530643,bulk,MDCK,in vitro,10,12hpi,extracellular,2
PA,561,1570,1,SRR10530643,bulk,MDCK,in vitro,10,12hpi,extracellular,2
PA,564,1580,1,SRR10530643,bulk,MDCK,in vitro,10,12hpi,extracellular,2
PA,565,1576,3,SRR10530643,bulk,MDCK,in vitro,10,12hpi,extracellular,2
PA,573,1570,2,SRR10530643,bulk,MDCK,in vitro,10,12hpi,extracellular,2
PA,574,1499,1,SRR10530643,bulk,MDCK,in vitro,10,12hpi,extracellular,2
PA,574,1878,1,SRR10530643,bulk,MDCK,in vitro,10,12hpi,extracellular,2
PA,576,1428,1,SRR10530643,bulk,MDCK,in vitro,10,12hpi,extracellular,2
PA,581,1635,4,SRR10530643,bulk,MDCK,in vitro,10,12hpi,extracellular,2
PA,592,1754,1,SRR10530643,bulk,MDCK,in vitro,10,12hpi,extracellular,2
PA,610,1520,1,SRR10530643,bulk,MDCK,in vitro,10,12hpi,extracellular,2
PA,629,1861,4,SRR10530643,bulk,MDCK,in vitro,10,12hpi,extracellular,2
PA,643,1483,1,SRR10530643,bulk,MDCK,in vitro,10,12hpi,extracellular,2
PA,644,1259,1,SRR10530643,bulk,MDCK,in vitro,10,12hpi,extracellular,2
PA,646,1477,1,SRR10530643,bulk,MDCK,in vitro,10,12hpi,extracellular,2
PA,654,1879,1,SRR10530643,bulk,MDCK,in vitro,10,12hpi,extracellular,2
PA,669,1884,4,SRR10530643,bulk,MDCK,in vitro,10,12hpi,extracellular,2
PA,685,1466,2,SRR10530643,bulk,MDCK,in vitro,10,12hpi,extracellular,2
PA,726,1578,1,SRR10530643,bulk,MDCK,in vitro,10,12hpi,extracellular,2
PA,726,1645,2,SRR10530643,bulk,MDCK,in vitro,10,12hpi,extracellular,2
PA,783,1398,1,SRR10530643,bulk,MDCK,in vitro,10,12hpi,extracellular,2
PA,82,1953,1,SRR10530643,bulk,MDCK,in vitro,10,12hpi,extracellular,2
PA,85,1632,1,SRR10530643,bulk,MDCK,in vitro,10,12hpi,extracellular,2
HA,103,1570,1,SRR10530643,bulk,MDCK,in vitro,10,12hpi,extracellular,2
HA,140,1561,1,SRR10530643,bulk,MDCK,in vitro,10,12hpi,extracellular,2
HA,1546,1581,2,SRR10530643,bulk,MDCK,in vitro,10,12hpi,extracellular,2
HA,165,1475,1,SRR10530643,bulk,MDCK,in vitro,10,12hpi,extracellular,2
HA,168,1544,1,SRR10530643,bulk,MDCK,in vitro,10,12hpi,extracellular,2
HA,174,1535,1,SRR10530643,bulk,MDCK,in vitro,10,12hpi,extracellular,2
HA,193,1519,1,SRR10530643,bulk,MDCK,in vitro,10,12hpi,extracellular,2
HA,197,1651,1,SRR10530643,bulk,MDCK,in vitro,10,12hpi,extracellular,2
HA,210,1343,1,SRR10530643,bulk,MDCK,in vitro,10,12hpi,extracellular,2
HA,216,1484,1,SRR10530643,bulk,MDCK,in vitro,10,12hpi,extracellular,2
HA,218,1430,1,SRR10530643,bulk,MDCK,in vitro,10,12hpi,extracellular,2
HA,219,1514,1,SRR10530643,bulk,MDCK,in vitro,10,12hpi,extracellular,2
HA,220,1382,1,SRR10530643,bulk,MDCK,in vitro,10,12hpi,extracellular,2
HA,224,1489,1,SRR10530643,bulk,MDCK,in vitro,10,12hpi,extracellular,2
HA,268,1548,1,SRR10530643,bulk,MDCK,in vitro,10,12hpi,extracellular,2
HA,26,61,1,SRR10530643,bulk,MDCK,in vitro,10,12hpi,extracellular,2
HA,305,1432,1,SRR10530643,bulk,MDCK,in vitro,10,12hpi,extracellular,2
HA,323,1370,1,SRR10530643,bulk,MDCK,in vitro,10,12hpi,extracellular,2
HA,355,1211,1,SRR10530643,bulk,MDCK,in vitro,10,12hpi,extracellular,2
HA,375,1399,1,SRR10530643,bulk,MDCK,in vitro,10,12hpi,extracellular,2
HA,378,1165,1,SRR10530643,bulk,MDCK,in vitro,10,12hpi,extracellular,2
HA,405,1348,1,SRR10530643,bulk,MDCK,in vitro,10,12hpi,extracellular,2
HA,464,1471,1,SRR10530643,bulk,MDCK,in vitro,10,12hpi,extracellular,2
HA,574,1453,1,SRR10530643,bulk,MDCK,in vitro,10,12hpi,extracellular,2
HA,697,907,1,SRR10530643,bulk,MDCK,in vitro,10,12hpi,extracellular,2
HA,92,1484,1,SRR10530643,bulk,MDCK,in vitro,10,12hpi,extracellular,2
HA,94,1544,1,SRR10530643,bulk,MDCK,in vitro,10,12hpi,extracellular,2
HA,97,1548,3,SRR10530643,bulk,MDCK,in vitro,10,12hpi,extracellular,2
NP,137,1544,1,SRR10530643,bulk,MDCK,in vitro,10,12hpi,extracellular,2
NP,152,1342,1,SRR10530643,bulk,MDCK,in vitro,10,12hpi,extracellular,2
NP,158,1319,1,SRR10530643,bulk,MDCK,in vitro,10,12hpi,extracellular,2
NP,223,1288,1,SRR10530643,bulk,MDCK,in vitro,10,12hpi,extracellular,2
NP,234,1277,1,SRR10530643,bulk,MDCK,in vitro,10,12hpi,extracellular,2
NP,240,1322,1,SRR10530643,bulk,MDCK,in vitro,10,12hpi,extracellular,2
NP,258,1199,1,SRR10530643,bulk,MDCK,in vitro,10,12hpi,extracellular,2
NP,279,1181,1,SRR10530643,bulk,MDCK,in vitro,10,12hpi,extracellular,2
NP,29,1541,1,SRR10530643,bulk,MDCK,in vitro,10,12hpi,extracellular,2
NP,326,670,1,SRR10530643,bulk,MDCK,in vitro,10,12hpi,extracellular,2
NP,328,1335,1,SRR10530643,bulk,MDCK,in vitro,10,12hpi,extracellular,2
NP,332,1159,1,SRR10530643,bulk,MDCK,in vitro,10,12hpi,extracellular,2
NP,419,1108,2,SRR10530643,bulk,MDCK,in vitro,10,12hpi,extracellular,2
NP,433,1020,1,SRR10530643,bulk,MDCK,in vitro,10,12hpi,extracellular,2
NP,452,1048,1,SRR10530643,bulk,MDCK,in vitro,10,12hpi,extracellular,2
NP,47,1541,1,SRR10530643,bulk,MDCK,in vitro,10,12hpi,extracellular,2
NP,548,1157,1,SRR10530643,bulk,MDCK,in vitro,10,12hpi,extracellular,2
NP,652,1048,1,SRR10530643,bulk,MDCK,in vitro,10,12hpi,extracellular,2
NP,924,1546,1,SRR10530643,bulk,MDCK,in vitro,10,12hpi,extracellular,2
NP,92,1542,1,SRR10530643,bulk,MDCK,in vitro,10,12hpi,extracellular,2
NA,123,1097,1,SRR10530643,bulk,MDCK,in vitro,10,12hpi,extracellular,2
NA,144,190,1,SRR10530643,bulk,MDCK,in vitro,10,12hpi,extracellular,2
NA,152,1069,1,SRR10530643,bulk,MDCK,in vitro,10,12hpi,extracellular,2
NA,155,1237,1,SRR10530643,bulk,MDCK,in vitro,10,12hpi,extracellular,2
NA,158,355,1,SRR10530643,bulk,MDCK,in vitro,10,12hpi,extracellular,2
NA,175,1091,2,SRR10530643,bulk,MDCK,in vitro,10,12hpi,extracellular,2
NA,186,1083,1,SRR10530643,bulk,MDCK,in vitro,10,12hpi,extracellular,2
NA,217,993,1,SRR10530643,bulk,MDCK,in vitro,10,12hpi,extracellular,2
NA,223,1098,2,SRR10530643,bulk,MDCK,in vitro,10,12hpi,extracellular,2
NA,230,1176,1,SRR10530643,bulk,MDCK,in vitro,10,12hpi,extracellular,2
NA,230,1181,1,SRR10530643,bulk,MDCK,in vitro,10,12hpi,extracellular,2
NA,259,1092,1,SRR10530643,bulk,MDCK,in vitro,10,12hpi,extracellular,2
NA,261,845,1,SRR10530643,bulk,MDCK,in vitro,10,12hpi,extracellular,2
NA,310,825,1,SRR10530643,bulk,MDCK,in vitro,10,12hpi,extracellular,2
NA,318,1174,1,SRR10530643,bulk,MDCK,in vitro,10,12hpi,extracellular,2
NA,340,930,1,SRR10530643,bulk,MDCK,in vitro,10,12hpi,extracellular,2
NA,345,1213,1,SRR10530643,bulk,MDCK,in vitro,10,12hpi,extracellular,2
NA,364,932,1,SRR10530643,bulk,MDCK,in vitro,10,12hpi,extracellular,2
NA,365,877,1,SRR10530643,bulk,MDCK,in vitro,10,12hpi,extracellular,2
NA,373,409,1,SRR10530643,bulk,MDCK,in vitro,10,12hpi,extracellular,2
NA,380,979,1,SRR10530643,bulk,MDCK,in vitro,10,12hpi,extracellular,2
NA,382,1030,1,SRR10530643,bulk,MDCK,in vitro,10,12hpi,extracellular,2
NA,382,926,1,SRR10530643,bulk,MDCK,in vitro,10,12hpi,extracellular,2
NA,392,1011,1,SRR10530643,bulk,MDCK,in vitro,10,12hpi,extracellular,2
NA,417,987,1,SRR10530643,bulk,MDCK,in vitro,10,12hpi,extracellular,2
NA,438,945,3,SRR10530643,bulk,MDCK,in vitro,10,12hpi,extracellular,2
NA,452,1244,3,SRR10530643,bulk,MDCK,in vitro,10,12hpi,extracellular,2
NA,474,899,1,SRR10530643,bulk,MDCK,in vitro,10,12hpi,extracellular,2
NA,478,895,1,SRR10530643,bulk,MDCK,in vitro,10,12hpi,extracellular,2
NA,483,981,1,SRR10530643,bulk,MDCK,in vitro,10,12hpi,extracellular,2
NA,484,793,1,SRR10530643,bulk,MDCK,in vitro,10,12hpi,extracellular,2
NA,535,1001,1,SRR10530643,bulk,MDCK,in vitro,10,12hpi,extracellular,2
NA,558,1189,1,SRR10530643,bulk,MDCK,in vitro,10,12hpi,extracellular,2
M,25,895,1,SRR10530643,bulk,MDCK,in vitro,10,12hpi,extracellular,2
NS,146,696,3,SRR10530643,bulk,MDCK,in vitro,10,12hpi,extracellular,2
NS,198,606,2,SRR10530643,bulk,MDCK,in vitro,10,12hpi,extracellular,2
NS,198,676,1,SRR10530643,bulk,MDCK,in vitro,10,12hpi,extracellular,2
NS,200,646,1,SRR10530643,bulk,MDCK,in vitro,10,12hpi,extracellular,2
NS,206,599,9,SRR10530643,bulk,MDCK,in vitro,10,12hpi,extracellular,2
NS,215,644,2,SRR10530643,bulk,MDCK,in vitro,10,12hpi,extracellular,2
NS,217,629,1,SRR10530643,bulk,MDCK,in vitro,10,12hpi,extracellular,2
NS,223,584,1,SRR10530643,bulk,MDCK,in vitro,10,12hpi,extracellular,2
NS,231,591,1,SRR10530643,bulk,MDCK,in vitro,10,12hpi,extracellular,2
NS,236,616,1,SRR10530643,bulk,MDCK,in vitro,10,12hpi,extracellular,2
NS,237,692,1,SRR10530643,bulk,MDCK,in vitro,10,12hpi,extracellular,2
NS,238,586,1,SRR10530643,bulk,MDCK,in vitro,10,12hpi,extracellular,2
NS,241,730,1,SRR10530643,bulk,MDCK,in vitro,10,12hpi,extracellular,2
NS,257,582,1,SRR10530643,bulk,MDCK,in vitro,10,12hpi,extracellular,2
NS,271,695,1,SRR10530643,bulk,MDCK,in vitro,10,12hpi,extracellular,2
NS,31,589,1,SRR10530643,bulk,MDCK,in vitro,10,12hpi,extracellular,2
NS,345,602,1,SRR10530643,bulk,MDCK,in vitro,10,12hpi,extracellular,2
NS,356,516,2,SRR10530643,bulk,MDCK,in vitro,10,12hpi,extracellular,2
NS,375,583,1,SRR10530643,bulk,MDCK,in vitro,10,12hpi,extracellular,2
NS,391,619,1,SRR10530643,bulk,MDCK,in vitro,10,12hpi,extracellular,2
NS,754,776,1,SRR10530643,bulk,MDCK,in vitro,10,12hpi,extracellular,2
